castaway_id,full_name,occupation,personality_type,gender,date_of_birth,date_of_death
US0001,Sonja Christopher,Musician,ENFP,Female,1937-01-28,2024-04-26
US0002,B.B. Andersen,Real Estate Developer,ESTJ,Male,1936-01-18,2013-10-29
US0003,Stacey Stillman,Attorney,ENTJ,Female,1972-08-11,NA
US0004,Ramona Gray,Biochemist/Chemist,ISTJ,Female,1971-01-20,NA
US0005,Dirk Been,Dairy Farmer,ISFP,Male,1976-06-15,NA
US0006,Joel Klug,Health Club Consultant,ESTJ,Male,1972-04-13,NA
US0007,Gretchen Cordy,Teacher,ESFJ,Female,1962-02-07,NA
US0008,Greg Buis,Ivy League Graduate,INTP,Male,1975-12-31,NA
US0009,Jenna Lewis,Student,ENFP,Female,1977-07-16,NA
US0010,Gervase Peterson,YMCA Basketball Coach;Cigar Lounge Owner,ESTP,Male,1969-11-02,NA
US0011,Colleen Haskell,Student,INFP,Female,1976-12-06,NA
US0012,Sean Kenniff,Doctor,INTP,Male,1969-11-27,NA
US0013,Susan Hawk,Truck Driver,ESTP,Female,1961-08-17,NA
US0014,Rudy Boesch,Retired Navy SEAL,ISTJ,Male,1928-01-20,2019-11-01
US0015,Kelly Wiglesworth,River Guide,ISFP,Female,1977-06-24,NA
US0016,Richard Hatch,Corporate Trainer,ENTP,Male,1961-04-08,NA
US0017,Debb Eaton,Corrections Officer,ISFP,Female,1955-06-11,NA
US0018,Kel Gleason,Army Intelligence Officer,ISTJ,Male,1968-01-05,NA
US0019,Maralyn Hershey,Retired Police Officer,ESTP,Female,1949-01-24,NA
US0020,Mitchell Olson,Singer/Songwriter,ENFP,Male,1977-03-17,NA
US0021,Kimmi Kappenberg,Bartender,ENFP,Female,1972-11-11,NA
US0022,Michael Skupin,Software Publisher;Part-Time Professional Speaker,ESFJ,Male,1962-01-29,NA
US0023,Jeff Varner,Internet Projects Manager,ENFP,Male,1966-04-16,NA
US0024,Alicia Calaway,Personal Trainer,ESTJ,Female,1968-05-01,NA
US0025,Jerri Manthey,Aspiring Actress,ESFP,Female,1970-09-05,NA
US0026,Nick Brown,Harvard Law Student,ISTJ,Male,1977-04-02,NA
US0027,Amber Mariano,Administrative Assistant;Director of Marketing and Communications,ISFP,Female,1978-08-11,NA
US0028,Rodger Bingham,Teacher/Farmer,ISFJ,Male,1947-07-05,NA
US0029,Elisabeth Filarski,Footwear Designer,INFP,Female,1977-05-28,NA
US0030,Keith Famie,Chef,ESTJ,Male,1960-02-11,NA
US0031,Colby Donaldson,Auto Customizer,ISTP,Male,1974-04-01,NA
US0032,Tina Wesson,Personal Nurse;Motivational Speaker,ESFJ,Female,1960-12-26,NA
US0033,Diane Ogden,U.S. Mail Carrier,ESTP,Female,1959-04-27,NA
US0034,Jessie Camacho,Deputy Sheriff,ISFP,Female,1974-09-24,NA
US0035,Carl Bilancione,Dentist,ESTJ,Male,1955-06-20,NA
US0036,Linda Spencer,Career Counselor,ESFJ,Female,1957-01-01,NA
US0037,Silas Gaither,Bartender,ESTJ,Male,1978-01-28,NA
US0038,Lindsey Richter,Advertising Executive,ESFP,Female,1974-08-31,NA
US0039,Clarence Black,Basketball Coach,ISTP,Male,1976-12-21,NA
US0040,Kelly Goldsmith,Behavioral Research Analyst,ENTP,Female,1979-04-27,NA
US0041,Brandon Quinton,Bartender,ENFP,Male,1976-01-22,NA
US0042,Frank Garrison,Telephone Technician,ISTJ,Male,1958-07-22,NA
US0043,Kim Powers,Freelance Marketer,INFP,Female,1971-12-03,NA
US0044,Teresa Cooper,Flight Attendant,ENFP,Female,1959-05-05,NA
US0045,Tom Buchanan,Goat Farmer,ESTP,Male,1955-10-30,NA
US0046,Lex van den Berghe,Marketing Manager,ENTJ,Male,1963-06-18,NA
US0047,Kim Johnson,Retired Teacher,ISFJ,Female,1944-09-18,2024-07-23
US0048,Ethan Zohn,Professional Soccer Player;Social Entrepreneur/Keynote Speaker,ISFP,Male,1973-11-12,NA
US0049,Peter Harkey,Bowling Alley Owner,ENFP,Male,1956-01-17,NA
US0050,Patricia Jackson,Truck Assembler,ISFJ,Female,1952-04-08,NA
US0051,Hunter Ellis,Former Navy Fighter Pilot,ESTJ,Male,1968-07-05,NA
US0052,Sarah Jones,Account Manager,ISFP,Female,1977-08-11,NA
US0053,Gabriel Cade,Bartender,INFP,Male,1978-07-01,NA
US0054,Gina Crews,Nature Guide,ISFJ,Female,1973-02-07,NA
US0055,Rob Mariano,Construction Worker,ESTJ,Male,1975-12-25,NA
US0056,John Carroll,Registered Nurse,ENTJ,Male,1965-06-14,NA
US0057,Zoe Zanidakis,Fishing Boat Captain,ISTJ,Female,1966-03-17,NA
US0058,Tammy Leitner,Crime Reporter,ENFJ,Female,1972-07-03,NA
US0059,Robert DeCanio,Limousine Driver,ISTJ,Male,1963-06-19,NA
US0060,Sean Rector,Teacher,ENTP,Male,1971-08-20,NA
US0061,Paschal English,Judge,ISFJ,Male,1945-03-05,NA
US0062,Kathy Vavrick-O'Brien,Real Estate Agent,ESFJ,Female,1955-01-06,NA
US0063,Neleh Dennis,Student,ENFP,Female,1980-02-19,NA
US0064,Vecepia Towery,Office Manager,ISTJ,Female,1965-12-09,NA
US0065,John Raymond,Pastor,ENFP,Male,1962-02-21,NA
US0066,Tanya Vance,Social Worker,ESTJ,Female,1974-11-29,NA
US0067,Jed Hildebrand,Dental Student,ISFP,Male,1976-12-05,NA
US0068,Ghandia Johnson,Legal Secretary,ESFP,Female,1969-01-03,NA
US0069,Stephanie Dill,Firefighter,ISTJ,Female,1972-11-15,NA
US0070,Robert Zbacnik,Bartender,ESFP,Male,1978-09-12,NA
US0071,Shii Ann Huang,Executive Recruiter,INTJ,Female,1974-01-24,NA
US0072,Erin Collins,Real Estate Agent,ESFP,Female,1976-01-07,NA
US0073,Ken Stafford,Police Officer,ESTJ,Male,1972-06-20,NA
US0074,Penny Ramsey,Pharmaceutical Sales,ESFJ,Female,1975-04-24,NA
US0075,Jake Billingsley,Land Broker,ISFJ,Male,1941-08-21,NA
US0076,Ted Rogers Jr.,Software Development Manager,ESTP,Male,1964-12-28,NA
US0077,Helen Glover,Navy Swim Instructor,ISTJ,Female,1955-04-28,NA
US0078,Jan Gentry,Teacher,ENFP,Female,1948-10-31,NA
US0079,Clay Jordan,Restaurant Owner,ESTP,Male,1955-12-30,2022-05-19
US0080,Brian Heidik,Used Car Salesman,ISTP,Male,1968-03-09,NA
US0081,Ryan Aiken,Model,ESFP,Male,1979-02-13,NA
US0082,Janet Koth,Homemaker,ISFJ,Female,1955-11-18,NA
US0083,Daniel Lue,Tax Accountant,INFP,Male,1975-11-29,NA
US0084,JoAnna Ward,Guidance Counselor,ISTJ,Female,1971-04-29,NA
US0085,Jeanne Hebert,Marketing Director,ISTJ,Female,1962-01-06,NA
US0086,Shawna Mitchell,Retail Saleswoman,ENFP,Female,1979-07-28,NA
US0087,Roger Sexton,Construction Company V.P.,ISTJ,Male,1946-09-26,2022-10-26
US0088,Dave Johnson,Rocket Scientist,ISTJ,Male,1979-01-16,NA
US0089,Deena Bennett,Deputy District Attorney,ENTJ,Female,1967-02-12,NA
US0090,Alex Bell,Triathlon Coach,ENFJ,Male,1970-05-16,NA
US0091,Christy Smith,Children's Adventure Guide,INFP,Female,1978-09-13,NA
US0092,Heidi Strobel,Gym Teacher,ENTJ,Female,1978-10-29,NA
US0093,Butch Lockley,Principal,ISFJ,Male,1952-08-28,NA
US0094,Rob Cesternino,Computer Projects Coordinator,ENTP,Male,1978-10-20,NA
US0095,Matthew von Ertfelda,Restaurant Designer,INTP,Male,1969-07-24,NA
US0096,Jenna Morasca,Swimsuit Model,ISTP,Female,1981-02-15,NA
US0097,Nicole Delma,Massage Therapist,INTP,Female,1978-09-19,NA
US0098,Ryan Shoulders,Produce Clerk,INFP,Male,1980-03-28,NA
US0099,Lillian Morris,Scout Troop Leader,INFP,Female,1952-04-03,NA
US0100,Burton Roberts,Marketing Executive,ISTJ,Male,1972-04-10,NA
US0101,Michelle Tesauro,Student,ENFP,Female,1981-01-16,NA
US0102,Trish Dunn,Sales Executive,ENFJ,Female,1960-10-29,NA
US0103,Shawn Cohen,Advertising Sales,ESTP,Male,1974-09-20,NA
US0104,Osten Taylor,Equity Trade Manager,ESFP,Male,1975-12-10,NA
US0105,Andrew Savage,Attorney,ESTJ,Male,1963-07-29,NA
US0106,Ryan Opray,Electrician,ISFJ,Male,1972-08-06,NA
US0107,Rupert Boneham,Troubled Teens Mentor,ESFJ,Male,1964-01-27,NA
US0108,Tijuana Bradley,Pharmaceutical Sales,ESFP,Female,1976-07-23,NA
US0109,Christa Hastie,Computer Programmer,ESFP,Female,1978-11-06,NA
US0110,Darrah Johnson,Mortician,ISTP,Female,1981-05-19,NA
US0111,Jon Dalton,Art Consultant,ENTP,Male,1974-03-11,NA
US0112,Sandra Diaz-Twine,Office Assistant;Case Manager,ESTP,Female,1974-07-30,NA
US0113,Brook Geraghty,Document Manager,INTP,Male,1976-11-20,NA
US0114,Dolly Neely,Sheep Farmer,ISFP,Female,1978-11-18,NA
US0115,John Palyok,Sales Manager,ESTP,Male,1973-05-13,NA
US0116,Mia Galeotalanza,Bookkeeper,ESFP,Female,1974-08-17,NA
US0117,Brady Finta,FBI Agent,ISTJ,Male,1970-12-17,NA
US0118,Travis Sampson,Security Officer,ISFP,Male,1971-02-19,NA
US0119,Lisa Keiffer,Real Estate Agent,ESFJ,Female,1960-05-03,NA
US0120,John Kenney,Mechanical Bull Operator;Model,ESFP,Male,1981-09-26,NA
US0121,Rory Freeman,Housing Case Manager,INTP,Male,1968-10-30,NA
US0122,Lea Masters,Drill Sergeant,ESFJ,Male,1964-03-28,NA
US0123,James Crittenden,Teacher,ESTP,Male,1969-08-08,NA
US0124,Leann Slaby,Equity Research Assistant,INFJ,Female,1969-07-08,NA
US0125,Ami Cusack,Coffee Barista;Nanny,ENTJ,Female,1973-01-25,NA
US0126,Julie Berry,Youth Mentor,INFP,Female,1980-12-15,NA
US0127,Eliza Orlins,Pre-Law Student;Law School Student,ENTJ,Female,1982-12-25,NA
US0128,Scout Cloud Lee,Rancher,INFJ,Female,1944-11-08,NA
US0129,Twila Tanner,Highway Repair Worker,ISTJ,Female,1962-10-12,NA
US0130,Chris Daugherty,Highway Construction Worker,ENTP,Male,1970-08-29,NA
US0131,Jonathan Libby,Sales & Marketing Associate,ISTP,Male,1981-09-05,NA
US0132,Wanda Shirk,English Teacher,ENFP,Female,1949-08-24,NA
US0133,Jolanda Jones,Lawyer,ESTJ,Female,1965-11-06,NA
US0134,Ashlee Ashby,Student,ISFJ,Female,1982-05-02,NA
US0135,Jeff Wilson,Personal Trainer,ESFP,Male,1983-02-09,NA
US0136,Kimberly Mullen,Graduate Student,INTJ,Female,1979-03-13,NA
US0137,Willard Smith,Lawyer,INTP,Male,1947-11-30,NA
US0138,Angie Jakusz,Bartender,INFP,Female,1980-03-27,2021-01-08
US0139,James Miller,Steelworker,ESTP,Male,1971-07-08,NA
US0140,Ibrehem Rahman,Waiter,ISTJ,Male,1977-03-04,NA
US0141,Bobby Jon Drinkard,Waiter,ISTP,Male,1977-05-10,NA
US0142,Coby Archa,Hairstylist,ENFP,Male,1972-09-08,NA
US0143,Janu Tornell,Vegas Showgirl,INFP,Female,1965-05-09,NA
US0144,Stephenie LaGrossa,Pharmaceutical Sales Representative,ESTJ,Female,1979-12-06,NA
US0145,Gregg Carey,Business Consultant,INTP,Male,1977-01-09,NA
US0146,Caryn Groedel,Civil Rights Lawyer,ISTJ,Female,1958-08-13,NA
US0147,Jennifer Lyon,Nanny,ISFP,Female,1972-02-27,2010-01-19
US0148,Ian Rosenberger,Dolphin Trainer,ESFP,Male,1981-08-24,NA
US0149,Katie Gallagher,Advertising Executive,ESFP,Female,1975-05-28,NA
US0150,Tom Westman,Firefighter;Motivational Speaker,ESTJ,Male,1964-01-04,NA
US0151,Jim Lynch,Retired Fire Captain,ISTJ,Male,1942-01-07,NA
US0152,Morgan McDevitt,Magician's Assistant,INFP,Female,1983-11-24,NA
US0153,Brianna Varela,Retail Salesperson,ENFP,Female,1983-10-29,NA
US0154,Brooke Struck,Law Student,ISTJ,Female,1979-07-30,NA
US0155,Blake Towsley,Real Estate Broker,ESTP,Male,1981-05-05,NA
US0156,Margaret Bobonich,Nurse Practitioner,ESFJ,Female,1962-06-05,NA
US0157,Brian Corridan,Ivy League Student,ENTP,Male,1983-02-10,NA
US0158,Amy O'Hara,Police Sergeant,ESTP,Female,1965-11-02,NA
US0159,Brandon Bellinger,Farmer,ISTP,Male,1983-01-22,NA
US0160,Jamie Newton,Water Skiing Instructor,ISTP,Male,1981-01-26,NA
US0161,Gary Hogeboom,Ex-NFL Quarterback,INFJ,Male,1958-08-21,NA
US0162,Judd Sergeant,Hotel Doorman,ESTP,Male,1970-09-13,NA
US0163,Cindy Hall,Zookeeper,ISFP,Female,1974-06-28,NA
US0164,Lydia Morales,Fishmonger,ISFJ,Female,1963-01-19,NA
US0165,Rafe Judkins,Wilderness Guide,INFP,Male,1983-01-08,NA
US0166,Danni Boatwright,Sports Radio Host;Entrepreneur,ENFJ,Female,1975-07-13,NA
US0167,Tina Scheer,Lumberjill,ESTP,Female,1960-11-17,NA
US0168,Melinda Hyder,Singer/Entertainer,ESFJ,Female,1973-05-23,NA
US0169,Misty Giles,Missile Engineer,INTP,Female,1981-02-25,NA
US0170,Ruth Marie Milliman,Real Estate,ISFJ,Female,1957-04-11,NA
US0171,Bobby Mason,Attorney,ISTP,Male,1973-08-20,NA
US0172,Dan Barry,Astronaut,ISFJ,Male,1953-12-30,NA
US0173,Nick Stanbury,Financial Sales,ISFP,Male,1980-07-21,NA
US0174,Austin Carty,Writer,INFP,Male,1981-04-29,NA
US0175,Sally Schumann,Social Worker,INFP,Female,1978-12-10,NA
US0176,Bruce Kanegai,Art Teacher,INFP,Male,1947-12-17,NA
US0177,Courtney Marit,Fire Dancer,ENFP,Female,1974-05-24,NA
US0178,Shane Powers,Marketing Executive,ESFP,Male,1970-11-28,NA
US0179,Cirie Fields,Nurse,ENFJ,Female,1970-07-18,NA
US0180,Terry Deitz,Pilot,ESTJ,Male,1959-10-10,NA
US0181,Danielle DiLorenzo,Medical Sales Rep.,ESFP,Female,1981-06-03,NA
US0182,Aras Baskauskas,Yoga Instructor;Musician,INFP,Male,1981-09-26,NA
US0183,Sekou Bunch,Jazz Musician,ESFJ,Male,1960-09-09,NA
US0184,Virgilio Garcia,Heavy Metal Musician,INFJ,Male,1970-04-22,NA
US0185,Cecilia Mansilla,Risk Consultant,ISTJ,Female,1977-01-13,NA
US0186,John Calderon,Volleyball Pro,ESFP,Male,1975-09-05,NA
US0187,Stephannie Favor,Nursing Student,ISFJ,Female,1970-07-12,NA
US0188,Anh-Tuan Bui,Nail Salon Manager,ENFP,Male,1964-04-10,NA
US0189,Cristina Coria,Police Officer,ISFJ,Female,1971-04-18,NA
US0190,Jessica Smith,Roller Girl,ENFP,Female,1979-01-22,NA
US0191,Brad Virata,Fashion Director,INFJ,Male,1976-11-23,NA
US0192,Rebecca Borman,Make-Up Artist,ISFJ,Female,1971-08-31,NA
US0193,Jenny Guzon-Bae,Real Estate Agent,ISTJ,Female,1970-05-08,NA
US0194,Nathan Gonzalez,Shoe Salesman,ESTP,Male,1980-07-26,NA
US0195,Candice Cody,Pre-Med Student;Physician/Anesthesiology Resident,ISTJ,Female,1982-11-12,NA
US0196,Jonathan Penner,Writer,ENTP,Male,1962-03-05,NA
US0197,Parvati Shallow,Boxer;Charity Organizer;Yoga Teacher/Life Coach/Speaker,ENFJ,Female,1982-09-21,NA
US0198,Adam Gentry,Copier Sales,ESTP,Male,1978-08-21,NA
US0199,Sundra Oakley,Actress,INFP,Female,1975-01-02,NA
US0200,Rebekah Lee,Attorney,INTP,Female,1977-09-11,NA
US0201,Oscar Lusth,Waiter;Photographer,ISFP,Male,1981-08-23,NA
US0202,Yul Kwon,Management Consultant;Product Management,INTJ,Male,1975-02-14,NA
US0203,Jessica deBen,Fashion Stylist,INFJ,Female,1979-04-25,NA
US0204,Erica Durousseau,Non-Profit Fundraiser,ESFP,Female,1979-12-11,NA
US0205,Sylvia Kwan,Architect,ISTJ,Female,1954-08-18,NA
US0206,Gary Stritesky,School Bus Driver,ISFJ,Male,1951-09-16,NA
US0207,Liliana Gomez,Loan Officer,ISTJ,Female,1981-04-05,NA
US0208,Rita Verreos,Single Mom,ISFJ,Female,1968-07-19,NA
US0209,Anthony Robinson,Expert Witness Locator,INFP,Male,1974-06-25,NA
US0210,James Reid,Bartender,ESTP,Male,1978-09-11,NA
US0211,Lisette Linares,Customer Service Representative,ESFP,Female,1970-06-09,NA
US0212,Michelle Yi,Student,ENFP,Female,1983-12-02,NA
US0213,Edgardo Rivera,Ad Executive,ESTP,Male,1978-10-05,NA
US0214,Mookie Lee,Business Consultant,ESFP,Male,1981-11-10,NA
US0215,Alex Angarita,Attorney,ENTJ,Male,1978-04-20,NA
US0216,Stacy Kimball,Web Producer,INTJ,Female,1979-10-01,NA
US0217,Kenward Bernis,Construction Worker,ISTP,Male,1972-06-21,NA
US0218,Yau-Man Chan,Computer Engineer,INTP,Male,1952-08-26,NA
US0219,Andria Herd,Cheerleading Coach,ESFP,Male,1981-12-15,NA
US0220,Cassandra Franklin,College Administrator,ISFJ,Female,1964-04-19,NA
US0221,Earl Cole,Ad Executive,INFJ,Male,1971-04-09,NA
US0222,Steve Morris,Chicken Farmer,ISFP,Male,1959-09-02,NA
US0223,Ashley Massaro,Professional Wrestler,ESFP,Female,1979-05-26,2019-05-16
US0224,Leslie Nease,Christian Radio Host,ENFP,Female,1969-03-25,NA
US0225,Dave Cruser,Former Model,ESTP,Male,1969-10-26,NA
US0226,Aaron Reisberger,Surfing Instructor,ISTJ,Male,1975-04-25,NA
US0227,Sherea Lloyd,Elementary Teacher,ESFP,Female,1981-07-31,NA
US0228,Jaime Dugan,Student,ESFJ,Female,1985-06-30,NA
US0229,Jean-Robert Bellande,Poker Player,INTP,Male,1970-09-17,NA
US0230,Michael Zernow,Student/Athlete,ESFP,Male,1987-02-15,NA
US0231,James Clement,Gravedigger,ISTP,Male,1977-03-09,NA
US0232,Erik Huffman,Musician,ISFP,Male,1981-01-31,NA
US0233,Peih-Gee Law,Jeweler,ENTP,Female,1978-04-07,NA
US0234,Denise Martin,School Lunch Lady,ISFP,Female,1967-05-05,NA
US0235,Amanda Kimmel,Hiking Guide;Aspiring Designer,ISFP,Female,1984-08-03,NA
US0236,Courtney Yates,Waitress,ENTP,Female,1981-03-26,NA
US0237,Todd Herzog,Flight Attendant,ENFP,Male,1985-01-29,NA
US0238,Mary Sartain,Real Estate Manager,ISFJ,Female,1978-11-11,NA
US0239,Michael Bortone,Aspiring Writer,ENTP,Male,1973-12-29,NA
US0240,Joel Anderson,Firefighter,ESTJ,Male,1975-06-01,NA
US0241,Chet Welch,Pageant Coach,INFP,Male,1959-10-22,NA
US0242,Kathleen Sleckman,Golf Course Vendor,ENFP,Female,1962-08-14,NA
US0243,Tracy Hughes-Wolf,Residential Builder,ENFJ,Female,1964-07-09,NA
US0244,Jason Siska,Gymnastics Coach,ESFP,Male,1985-03-04,NA
US0245,Alexis Jones,Motivational Speaker,ENFJ,Female,1983-07-06,NA
US0246,Erik Reichenbach,Ice Cream Scooper;Comic Book Artist,INTP,Male,1985-11-27,NA
US0247,Natalie Bolton,Personal Trainer,INTJ,Female,1975-12-31,NA
US0248,Michelle Chase,Music Producer,INTP,Female,1984-03-07,NA
US0249,Gillian Larson,Retired Nurse,ENFP,Female,1947-02-24,NA
US0250,Paloma Soto-Castillo,Student,ENFP,Female,1984-08-24,NA
US0251,Jacquie Berg,Medical Sales,ENFJ,Female,1982-09-10,NA
US0252,Danny Brown,Maintenance Man,INFP,Male,1982-07-13,NA
US0253,Kelly Czarnecki,Retail Sales,INFP,Female,1986-04-04,NA
US0254,Ace Gordon,Jewelry Sales and Photographer,INTJ,Male,1980-09-03,NA
US0255,Dan Kay,Lawyer,ISFP,Male,1976-06-30,2016-12-31
US0256,Marcus Lehman,Doctor,ENTJ,Male,1979-10-03,NA
US0257,Charlie Herschel,Lawyer,ENFP,Male,1979-05-12,NA
US0258,Randy Bailey,Wedding Videographer,INTJ,Male,1959-03-31,NA
US0259,Corinne Kaplan,Pharmaceutical Sales;Clinical Consultant,ENTJ,Female,1979-01-17,NA
US0260,Crystal Cox,Former Olympic Athlete,ESFP,Female,1979-03-28,NA
US0261,Ken Hoang,Professional Gamer,INTP,Male,1985-10-10,NA
US0262,Matty Whitmore,Personal Trainer,ESFP,Male,1978-12-18,NA
US0263,Jessica Kiper,Pin-Up Model,ENFP,Female,1979-02-22,NA
US0264,Susie Smith,Hairdresser,ISFJ,Female,1960-10-24,NA
US0265,Robert Crowley,Physics Teacher,INTP,Male,1951-02-25,NA
US0266,Carolina Eastwood,Bartender,ESTJ,Female,1981-10-27,NA
US0267,Candace Smith,Attorney,ISTJ,Female,1977-02-01,NA
US0268,Jerry Sims,Sgt - U.S. Army,ISTJ,Male,1959-05-18,NA
US0269,Sandy Burgin,Bus Driver,ESFP,Female,1955-07-01,NA
US0270,Spencer Duhm,Student,INFP,Male,1989-12-20,NA
US0271,Sydney Wheeler,Model,ISFP,Female,1984-05-11,NA
US0272,Joe Dowdle,Real Estate Sales,ISTJ,Male,1982-06-29,NA
US0273,Brendan Synnott,Entrepreneur,ENTP,Male,1978-09-28,NA
US0274,Tyson Apostol,Former Professional Cyclist/Missionary;Shop Manager,ESTP,Male,1979-06-17,NA
US0275,Sierra Reed,Model,INFP,Female,1985-09-29,NA
US0276,Debra Beebe,Middle School Principal,ESFJ,Female,1962-09-28,NA
US0277,Benjamin Wade,Soccer Coach/Musician,ENFJ,Male,1971-09-18,NA
US0278,Tamara Johnson-George,Former Pop Star,ENFJ,Female,1971-04-29,NA
US0279,Erinn Lobdell,Hairstylist,ENFP,Female,1982-10-21,NA
US0280,Stephen Fishbach,Corporate Consultant,INTP,Male,1979-01-24,NA
US0281,James Thomas Jr.,Cattle Rancher,ESTP,Male,1984-06-23,NA
US0282,Marisa Calihan,Student,INFP,Female,1983-07-26,NA
US0283,Mike Borassi,Personal Chef,ESTP,Male,1947-03-13,NA
US0284,Betsy Bolan,Police Officer,ESTJ,Female,1961-03-20,NA
US0285,Ben Browning,Bar Manager,ESTP,Male,1980-08-28,NA
US0286,Yasmin Giles,Hairstylist,ESFP,Female,1975-08-29,NA
US0287,Ashley Trainer,Spa Sales,ENFP,Female,1987-02-27,NA
US0288,Russell Swan,Attorney,ESFJ,Male,1967-02-17,NA
US0289,Elizabeth Kim,Urban Planner,INTP,Female,1975-11-24,NA
US0290,Erik Cardona,Bartender,ENTP,Male,1981-04-13,NA
US0291,Kelly Sharbaugh,Hairstylist,ISFP,Female,1983-12-26,NA
US0292,Laura Morett,Office Manager;Fitness Instructor,ENFJ,Female,1969-07-30,NA
US0293,John Fincher,Rocket Scientist,INTP,Male,1983-08-16,NA
US0294,Dave Ball,Fitness Instructor,INTP,Male,1970-08-13,NA
US0295,Monica Padilla,Law Student,ENFP,Female,1984-07-14,NA
US0296,Shannon Waters,Sales,ESFP,Female,1964-04-25,NA
US0297,Jaison Robinson,Law Student,INTJ,Male,1980-09-25,NA
US0298,Brett Clouser,T-Shirt Designer,ISFP,Male,1985-12-27,NA
US0299,Mick Trimming,Doctor,INTP,Male,1976-05-10,NA
US0300,Russell Hantz,Oil Company Owner,ESTJ,Male,1972-10-10,NA
US0301,Natalie White,Pharmaceutical Sales,ISFJ,Female,1983-04-22,NA
US0302,Wendy-Jo DeSmidt-Kohlhoff,Goat Rancher,ISFP,Female,1961-12-13,NA
US0303,Shannon Elkins,Pest Control Company Owner,ESTJ,Male,1979-12-04,NA
US0304,Jimmy Johnson,Former NFL Coach,ESFJ,Male,1943-07-16,NA
US0305,James Tarantino,Commercial Fisherman,ESTP,Male,1962-09-07,NA
US0306,Tyrone Davis,Fire Captain,ESTJ,Male,1967-09-24,NA
US0307,Kelly Bruno,Medical Student,ISFP,Female,1984-03-23,NA
US0308,Yve Rojas,Homemaker,ISFJ,Female,1969-03-09,NA
US0309,Jill Behm,ER Doctor,ISTJ,Female,1967-01-18,NA
US0310,Alina Wilson,Art Student,INFP,Female,1987-02-20,NA
US0311,Marty Piombo,Technology Executive,ENTJ,Male,1961-11-11,NA
US0312,Brenda Lowe,Paddleboard Company Owner,INTJ,Female,1982-11-03,NA
US0313,NaOnka Mixon,PE Teacher,ESTP,Female,1983-02-17,NA
US0314,Kelly Shinn,Nursing Student,ENFP,Female,1990-05-05,NA
US0315,Ben Henry,Club Promoter,ESTP,Male,1986-06-25,NA
US0316,Jane Bright,Dog Trainer,ISTP,Female,1953-12-13,NA
US0317,Dan Lembo,Real Estate Executive,ISTP,Male,1946-11-05,2022-09-03
US0318,Holly Hoffman,Swim Coach,ENFJ,Female,1966-03-15,NA
US0319,Matthew Lenahan,Real Estate Broker,ENTJ,Male,1979-11-22,NA
US0320,Chase Rice,Pro Racecar Jackman,ISFP,Male,1985-09-19,NA
US0321,Jud Birza,Student,ESFP,Male,1989-06-12,NA
US0322,Francesca Hogi,Attorney,INFJ,Female,1973-11-03,NA
US0323,Matt Elrod,Pre-Med Student,INFP,Male,1988-10-02,NA
US0324,Kristina Kell,Law Student,INTP,Female,1964-12-26,NA
US0325,Krista Klumpp,Pharmaceutical Representative,ISFP,Female,1985-07-27,NA
US0326,Stephanie Valencia,Waitress,ESFP,Female,1985-02-03,NA
US0327,Sarita White,Visual Effects Producer,INTP,Female,1974-10-02,NA
US0328,Mike Chiesl,Iraq War Veteran,ISFJ,Male,1979-09-15,NA
US0329,David Murphy,Defense Attorney,INTJ,Male,1979-07-16,NA
US0330,Julie Wolfe,Firefighter,ISTJ,Female,1960-05-11,NA
US0331,Ralph Kiser,Farmer,ESTP,Male,1965-10-27,2022-04-20
US0332,Steve Wright,Ex-NFL Player,ISFJ,Male,1959-04-08,NA
US0333,Andrea Boehlke,Student;Entertainment Host/Writer,ENFP,Female,1989-05-10,NA
US0334,Grant Mattos,Ex-NFL Player,ISFP,Male,1981-03-12,NA
US0335,Ashley Underwood,Nurse,ESTP,Female,1985-02-08,NA
US0336,Natalie Tenerelli,Professional Dancer,ISFP,Female,1991-05-06,NA
US0337,Phillip Sheppard,Former Federal Agent;Software Sales,ESTJ,Male,1958-03-12,NA
US0338,Semhar Tadesse,Spoken Word Artist,ENFP,Female,1986-09-12,NA
US0339,Christine Shields Markoski,Teacher,ESTP,Female,1971-06-17,NA
US0340,Mark Caruso,Retired NYPD Detective,ESFJ,Male,1963-07-07,NA
US0341,Stacey Powell,Mortician,ISTJ,Female,1967-11-21,NA
US0342,Elyse Umemoto,Dance Team Manager,ENFP,Female,1984-05-10,NA
US0343,Mikayla Wingle,Lingerie Football Player,ISFP,Female,1989-05-31,NA
US0344,Keith Tollefson,Water Treatment Tech,ISFP,Male,1985-10-01,NA
US0345,Jim Rice,Medical Marijuana Dispenser,ENTP,Male,1975-09-14,NA
US0346,Dawn Meehan,English Professor,ESFJ,Female,1970-06-29,NA
US0347,Whitney Duncan,Country Music Singer,ESFP,Female,1984-08-03,NA
US0348,John Cochran,Harvard Law Student,INTP,Male,1987-01-17,NA
US0349,Edna Ma,Anesthesiologist,ISTJ,Female,1975-08-22,NA
US0350,Brandon Hantz,Oil Tanker Crewman;Chemical Disposal,ESFP,Male,1991-10-15,NA
US0351,Rick Nelson,Rancher,ISFJ,Male,1959-10-24,NA
US0352,Albert Destrade,Baseball/Dating Coach­­­­,ENTJ,Male,1985-03-31,NA
US0353,Sophie Clarke,Medical Student;Healthcare Consultant,INTJ,Female,1989-07-10,NA
US0354,Kourtney Moon,Motorcycle Repair,ISFP,Female,1982-02-27,NA
US0355,Nina Acosta,Retired LAPD Officer,ISTJ,Female,1960-04-03,NA
US0356,Matt Quinlan,Attorney,ENTJ,Male,1978-04-05,NA
US0357,Bill Posley,Stand-Up Comedian,ENFP,Male,1983-09-28,NA
US0358,Monica Culpepper,Ex-NFL Player's Wife;Homemaker,ESFJ,Female,1970-06-15,NA
US0359,Colton Cumbie,Student;Student Teacher,ESFP,Male,1990-11-22,NA
US0360,Jonas Otsuji,Sushi Chef,ENTP,Male,1974-03-25,NA
US0361,Michael Jefferson,Banker,ISTJ,Male,1981-08-29,NA
US0362,Jay Byars,Model,ISFP,Male,1986-11-05,NA
US0363,Leif Manson,Phlebotomist,ISFP,Male,1984-02-01,NA
US0364,Troy Robertson,Swimsuit Photographer,ESFP,Male,1961-07-30,NA
US0365,Kat Edorsson,Timeshare Representative;Full Time Student/Sales,ENFP,Female,1989-06-22,NA
US0366,Greg Smith,Plastic Surgeon,INTP,Male,1947-12-12,NA
US0367,Alicia Rosa,Special Education Teacher,ESTJ,Female,1987-01-11,NA
US0368,Christina Cha,Career Consultant,INFP,Female,1982-09-26,NA
US0369,Chelsea Meissner,Medical Sales,ISFP,Female,1985-06-13,NA
US0370,Sabrina Thompson,High School Teacher,ENFJ,Female,1978-03-06,NA
US0371,Kim Spradlin-Wolfe,Bridal Shop Owner;Interior Designer,INFJ,Female,1983-01-30,NA
US0372,Zane Knight,Tire Repair,ENTP,Male,1984-02-20,NA
US0373,Roxanne Morris,Seminary Student,ESFP,Female,1984-06-03,NA
US0374,Angie Layton,Student,INFP,Female,1991-10-08,NA
US0375,Dana Lambert,Cosmetologist,ISTP,Female,1979-12-13,NA
US0376,Sarah Dawson,Insurance Sales,ENFP,Female,1983-11-15,NA
US0377,Katie Hanson,Former Miss Delaware,ENTP,Female,1989-11-29,NA
US0378,Roberta Saint-Amour,Investment Banker,ENTJ,Female,1985-05-10,NA
US0379,Jeff Kent,Retired MLB Player,ISTP,Male,1968-03-07,NA
US0380,Artis Silvester,Computer Engineer,ISTJ,Male,1959-04-18,NA
US0381,Peter Yurkowski,Engineering Graduate,INTP,Male,1988-03-03,NA
US0382,Carter Williams,Track Coach,ISFP,Male,1987-05-26,NA
US0383,Abi-Maria Gomes,Business Student,ESFP,Female,1979-10-21,NA
US0384,Malcolm Freberg,Bartender,ENTP,Male,1987-05-07,NA
US0385,Lisa Whelchel,Former TV Teen Star,INFP,Female,1963-05-29,NA
US0386,Denise Stapley,Sex Therapist,INFJ,Female,1971-01-01,NA
US0387,Alexandra Pohevitz,Bartender,ESTP,Female,1987-12-24,NA
US0388,Hope Driskill,Pre-Law Student,ISFP,Female,1989-07-06,NA
US0389,Shamar Thomas,Iraq War Veteran,INFP,Male,1985-09-27,NA
US0390,Laura Alexander,Administrative Officer,ENTP,Female,1989-09-12,NA
US0391,Matt Bischoff,BMX Bike Sales,INFP,Male,1974-04-04,NA
US0392,Julia Landauer,Racecar Driver,ISTJ,Female,1991-11-12,NA
US0393,Michael Snow,Event Planner,INFJ,Male,1968-08-30,NA
US0394,Reynold Toepfer,Real Estate Sales,ESTP,Male,1982-10-06,NA
US0395,Edward Fox,Fireman/EMT,ESFP,Male,1989-04-15,NA
US0396,Sherri Biethman,Fast Food Franchisee,ESFJ,Female,1971-09-09,NA
US0397,Laura Boneham,Merchandiser,INFJ,Female,1968-08-29,NA
US0398,Marissa Peterson,Student,ESTJ,Female,1991-09-25,NA
US0399,Rachel Foulger,Cocktail Waitress/Graphic Designer,ISFJ,Female,1979-07-28,NA
US0400,John Cody,"Physician, Army Orthopedic Surgery Resident",ISFJ,Male,1983-05-12,NA
US0401,Brad Culpepper,Attorney/Retired NFL Player,ESTJ,Male,1969-05-08,NA
US0402,Vytas Baskauskas,Yoga Instructor/Math Professor,INFJ,Male,1979-12-08,NA
US0403,Caleb Bankston,Post Office Manager/Farmer,ISTP,Male,1987-03-26,2014-06-24
US0404,Katie Collins,Hedge Fund Support,INTP,Female,1987-06-27,NA
US0405,Hayden Moss,Real Estate,ESFP,Male,1986-05-27,NA
US0406,Ciera Eastin,Cosmetology Student,INFP,Female,1989-03-05,NA
US0407,David Samson,Miami Marlins President,ENTJ,Male,1968-02-26,NA
US0408,Garrett Adelstein,Pro Poker Player,INTP,Male,1986-05-16,NA
US0409,Brice Johnston,Social Worker,ENFP,Male,1986-02-20,NA
US0410,J'Tia Taylor,Nuclear Engineer,ENTJ,Female,1981-09-01,NA
US0411,Cliff Robinson,Former NBA All-Star,ISTP,Male,1966-12-16,2020-08-29
US0412,Lindsey Ogle,Hairstylist,ESFP,Female,1983-09-04,NA
US0413,Alexis Maxwell,Student,ENFP,Female,1992-03-17,NA
US0414,Sarah Lacina,Police Officer,ENTJ,Female,1984-07-09,NA
US0415,Morgan McLeod,Ex-NFL Cheerleader,ISFP,Female,1992-07-09,NA
US0416,LJ McKanas,Horse Trainer,ISTP,Male,1979-01-08,NA
US0417,Jeremiah Wood,Male Model,ISFP,Male,1979-06-15,NA
US0418,Jefra Bland,Miss Kentucky Teen USA,ISFJ,Female,1990-07-02,NA
US0419,Latasha Fox,Accountant,ENFJ,Female,1977-01-03,NA
US0420,Trish Hegarty,Pilates Trainer,ENFJ,Female,1965-10-09,NA
US0421,Spencer Bledsoe,Economics Student,INTJ,Male,1992-06-12,NA
US0422,Kassandra McQuillen,Attorney,INTJ,Female,1971-11-08,NA
US0423,Yung Hwang,Martial Arts Instructor,ISFP,Male,1984-03-16,NA
US0424,Tony Vlachos,Police Officer,ESTP,Male,1973-09-10,NA
US0425,Nadiya Anderson,Crossfit Coach/Project Coordinator,ESFP,Female,1986-04-11,NA
US0426,Val Collins,Foxboro Police Officer,INTJ,Female,1978-11-08,NA
US0427,John Rocker,Former MLB Player,ESTP,Male,1974-10-17,NA
US0428,Drew Christy,Traveling Sales Representative,ESTP,Male,1989-05-18,NA
US0429,Kelley Wentworth,Marketing Manager,ENTP,Female,1986-06-07,NA
US0430,Dale Wentworth,Farmer,ISTJ,Male,1959-03-07,NA
US0431,Julie McGee,Model/Owner of Spray Tan Business,ISFP,Female,1980-01-24,NA
US0432,Josh Canfield,Singer/Actor/Writer,INFJ,Male,1981-07-01,NA
US0433,Jeremy Collins,Cambridge Firefighter,ESTJ,Male,1978-04-16,NA
US0434,Wes Nale,Firefighter,ISTP,Male,1990-06-19,NA
US0435,Reed Kelly,Broadway Performer/Model/Aerialist,ENTJ,Male,1982-09-05,NA
US0436,Alec Christy,Student,ISFP,Male,1991-09-07,NA
US0437,Jon Misch,Financial Assistant,ESFP,Male,1988-03-29,NA
US0438,Baylor Wilson,Student,ESFP,Female,1994-01-25,NA
US0439,Keith Nale,Fire Captain,ISTP,Male,1960-08-16,2023-04-18
US0440,Missy Payne,Competitive Cheerleading Gym Owner,ESFJ,Female,1967-06-10,NA
US0441,Jaclyn Schultz,Media Buyer,ESFP,Female,1988-08-16,NA
US0442,Natalie Anderson,Crossfit Coach/Physical Therapy Student;CrossFit Trainer,ESTP,Female,1986-04-11,NA
US0443,So Kim,Retail Buyer,INTJ,Female,1983-01-13,NA
US0444,Vince Sly,Coconut Vendor,INFP,Male,1982-02-16,NA
US0445,Nina Poersch,Hearing Advocate,ISFJ,Female,1963-01-17,NA
US0446,Lindsey Cascaddan,Hairdresser,ENFP,Female,1989-08-24,NA
US0447,Max Dawson,Media Consultant,ENTP,Male,1977-03-31,NA
US0448,Joaquin Souberbielle,Marketing Director,ISTP,Male,1986-08-16,NA
US0449,Kelly Remington,State Trooper,ISTJ,Female,1970-04-27,NA
US0450,Hali Ford,Law Student,INFP,Female,1989-07-20,NA
US0451,Joe Anglim,Jewelry Designer;Multimedia Artist,ISFP,Male,1988-09-30,NA
US0452,Jenn Brown,Sailing Instructor,ESTP,Female,1992-01-27,NA
US0453,Shirin Oskooi,Yahoo! Executive,ENFP,Female,1983-02-25,NA
US0454,Tyler Fredrickson,Ex-Talent Agent Assistant,ENFP,Male,1981-02-26,NA
US0455,Dan Foley,Postal Worker,ESTJ,Male,1967-02-05,NA
US0456,Sierra Dawn Thomas,Barrel Racer,ISFJ,Female,1986-12-18,NA
US0457,Rodney Lavoie Jr.,General Contractor,ESTJ,Male,1989-09-02,NA
US0458,Will Sims II,YouTube Sensation,ISFP,Male,1972-08-13,NA
US0459,Carolyn Rivera,Corporate Executive,ENTP,Female,1961-10-07,NA
US0460,Mike Holloway,Oil Driller,ESTP,Male,1976-07-25,NA
US0461,Darnell Hamilton,Postal Worker,ISFP,Male,1988-02-08,NA
US0462,Jennifer Lanzetti,Contractor,ESTP,Female,1977-07-14,NA
US0463,Elisabeth Markham,Quantitative Strategist,INTJ,Female,1988-08-14,NA
US0464,Caleb Reynolds,Army Veteran,ESFP,Male,1987-11-27,NA
US0465,Alecia Holden,Real Estate Agent,ESFP,Female,1991-08-03,NA
US0466,Anna Khait,Pro Poker Player,ENFP,Female,1988-09-17,NA
US0467,Peter Baggenstos,ER Doctor,ENTJ,Male,1980-07-21,NA
US0468,Neal Gottlieb,Ice Cream Entrepreneur,INTP,Male,1977-02-03,NA
US0469,Nick Maiorano,Personal Trainer,INTP,Male,1985-01-28,NA
US0470,Debbie Wanner,Chemist,ENTP,Female,1965-11-21,NA
US0471,Scot Pollard,Former NBA Champion,ESTJ,Male,1975-02-12,NA
US0472,Julia Sokolowski,College Student,ENFP,Female,1996-04-08,NA
US0473,Kyle Jason,Bounty Hunter,ESTJ,Male,1984-07-16,NA
US0474,Joseph Del Campo,Former FBI Agent,ISTJ,Male,1943-07-04,NA
US0475,Cydney Gillon,Bodybuilder,ISTP,Female,1992-09-14,NA
US0476,Tai Trang,Gardener,INFP,Male,1964-03-23,NA
US0477,Aubry Bracco,Social Media Marketer;Marketing Director,INFJ,Female,1985-11-14,NA
US0478,Michele Fitzgerald,Bartender;Business Development Manager,ESFP,Female,1990-05-05,NA
US0479,Rachel Ako,Recruiting Director,ENFP,Female,1978-09-08,NA
US0480,Mari Takahashi,Gamer,ESFP,Female,1984-11-02,NA
US0481,Paul Wachter,Boat Mechanic,ESTJ,Male,1963-10-10,NA
US0482,Lucy Huang,Dietician,ISTJ,Female,1973-09-22,NA
US0483,Ciandre Taylor,Insurance Adjuster,ISFJ,Female,1977-03-02,NA
US0484,Jessica Figueroa,Bartender,ESFP,Female,1992-12-12,NA
US0485,Michaela Bradshaw,Vacation Club Sales,ISTJ,Female,1990-12-01,NA
US0486,Michelle Schubert,Missionary Recruiter,INFP,Female,1988-03-11,NA
US0487,Taylor Lee Stocker,Snowboard Instructor,INFP,Male,1991-11-20,NA
US0488,Chris Hammons,Trial Lawyer,ISTJ,Male,1978-04-01,NA
US0489,Jessica Lewis,Assistant District Attorney,ENFJ,Female,1979-02-24,NA
US0490,Zeke Smith,Asset Manager,INTP,Male,1988-01-25,NA
US0491,Will Wahl,High School Student,INTP,Male,1997-08-12,NA
US0492,Sunday Burquest,Youth Pastor,ENFJ,Female,1971-02-06,2021-04-18
US0493,Justin Starrett,Real Estate Agent,ESTP,Male,1989-06-03,NA
US0494,Bret LaBelle,Police Sergeant,ESFJ,Male,1973-08-20,NA
US0495,David Wright,Television Writer,INFP,Male,1974-02-28,NA
US0496,Hannah Shapiro,Barista,ENFP,Female,1992-02-24,NA
US0497,Ken McNickle,Model,ISFP,Male,1982-09-20,NA
US0498,Adam Klein,Homeless Shelter Manager;Keynote Speaker and Host,ENTP,Male,1991-01-15,NA
US0499,Katrina Radke,Olympian,ENFP,Female,1970-12-17,NA
US0500,Simone Nguyen,Diversity Advocate,INTP,Female,1991-05-31,NA
US0501,Patrick Bolton,Small Business Owner,ESTP,Male,1992-03-06,NA
US0502,Alan Ball,NFL Player,ISTP,Male,1985-03-29,NA
US0503,Roark Luskin,Social Worker,ENTP,Female,1989-11-30,NA
US0504,Alexandrea Elliott,Celebrity Assistant,INFJ,Female,1992-11-13,NA
US0505,Jessica Johnston,Nurse Practitioner,ENFP,Female,1987-04-05,NA
US0506,Desiree Williams,Phyiscal Therapist,ESFJ,Female,1989-06-14,NA
US0507,Cole Medders,Wilderness Therapy Guide,ISFP,Male,1992-09-18,NA
US0508,John Hilsabeck,Firefighter,ISFP,Male,1988-06-22,NA
US0509,Joe Mena,Probation Officer,ESTJ,Male,1983-03-15,NA
US0510,Lauren Rimmer,Fisherman,ISTJ,Female,1982-03-06,NA
US0511,Ashley Nolan,Lifeguard,ESFP,Female,1990-09-17,NA
US0512,Mike Zahalsky,Urologist,ENFP,Male,1973-09-11,NA
US0513,Devon Pinto,Surf Instructor,INFJ,Male,1993-03-06,NA
US0514,Ryan Ulrich,Bellhop,ENFP,Male,1993-09-08,NA
US0515,Chrissy Hofbeck,Actuary,ENTJ,Female,1971-03-09,NA
US0516,Ben Driebergen,Marine;Real Estate/Stay-at-home Dad,ESFP,Male,1983-01-01,NA
US0517,Stephanie Gonzalez,Graphic Sales,ESTJ,Female,1991-04-22,NA
US0518,Jacob Derwin,Music Teacher,INFP,Male,1995-06-01,NA
US0519,Morgan Ricke,Marine Animal Trainer,ENFP,Female,1987-08-07,NA
US0520,Brendan Shapiro,Physical Education Teacher,ENFJ,Male,1976-06-17,NA
US0521,Stephanie Johnson,Yoga Instructor,ENFP,Female,1982-09-10,NA
US0522,James Lim,Business Analyst,INTJ,Male,1993-03-17,NA
US0523,Bradley Kleihege,Law Student,ENTJ,Male,1990-09-14,NA
US0524,Chris Noble,Male Model,ESTJ,Male,1989-12-04,NA
US0525,Libby Vincek,Social Media Strategist,ESFJ,Female,1992-08-24,NA
US0526,Desiree Afuye,Student,ESFP,Female,1996-02-03,NA
US0527,Jenna Bowman,Advertising Account Executive,ISTJ,Female,1993-11-10,NA
US0528,Michael Yerger,Real Estate Agent,INFJ,Male,1998-07-20,NA
US0529,Chelsea Townsend,EMT/Pro Cheerleader,ISFP,Female,1992-05-25,NA
US0530,Kellyn Bechtold,Career Counselor,ESFJ,Female,1986-11-01,NA
US0531,Sebastian Noel,Fishing Guide,ESFP,Male,1994-07-20,NA
US0532,Donathan Hurley,Caretaker,ENFP,Male,1991-07-19,NA
US0533,Angela Perkins,Army Veteran,ISTJ,Female,1974-11-02,NA
US0534,Laurel Johnson,Financial Consultant,INTP,Female,1988-02-29,NA
US0535,Domenick Abbate,Construction Supervisor,ESTP,Male,1978-10-31,NA
US0536,Wendell Holland,Furniture Company Owner;Furniture Designer,INFJ,Male,1984-03-08,NA
US0537,Pat Cusack,Maintenance Manager,ESTP,Male,1977-02-25,NA
US0538,Jessica Peet,Waitress,ENFP,Female,1998-10-22,NA
US0539,Jeremy Crawford,Attorney,ENFJ,Male,1978-04-26,NA
US0540,Bi Nguyen,MMA Fighter,ISFP,Female,1989-10-30,NA
US0541,Natalia Azoqa,Industrial Engineer,ESTJ,Female,1992-04-02,NA
US0542,Natalie Cole,Publishing CEO,ESTJ,Female,1961-02-26,NA
US0543,Lyrsa Torres,Airline Agent,ISFP,Female,1981-09-12,NA
US0544,Elizabeth Olson,Kitchen Staff,ESTP,Female,1987-01-22,NA
US0545,John Hennigan,Pro Wrestler,INFJ,Male,1979-10-03,NA
US0546,Dan Rengering,S.W.A.T. Officer,ESFP,Male,1990-04-07,NA
US0547,Alec Merlino,Bartender,ESFP,Male,1993-10-15,NA
US0548,Carl Boudreaux,Truck Driver,ISFJ,Male,1976-10-29,NA
US0549,Gabby Pascuzzi,Technical Writer,INFP,Female,1993-03-23,NA
US0550,Christian Hubicki,Robotics Scientist,ENFP,Male,1985-12-06,NA
US0551,Davie Rickenbacker,Social Media Manager,ENFP,Male,1987-09-14,NA
US0552,Alison Raybould,Physician,ENFJ,Female,1989-07-12,NA
US0553,Kara Kay,Realtor,ENFJ,Female,1987-11-20,NA
US0554,Angelina Keeley,Financial Consultant,ENTJ,Female,1989-07-06,NA
US0555,Mike White,Filmmaker,INFP,Male,1970-06-28,NA
US0556,Nick Wilson,Public Defender;Attorney,ENTP,Male,1990-06-11,NA
US0557,Reem Daly,Sales Representative,ESTP,Female,1971-07-08,NA
US0558,Keith Sowell,Pre-Med Student,INFP,Male,1998-07-16,NA
US0559,Chris Underwood,District Sales Manager,ENTP,Male,1992-10-06,NA
US0560,Rick Devens,Morning News Anchor,ENTP,Male,1984-04-05,NA
US0561,Wendy Diaz,Small Business Owner,ENFP,Female,1992-09-26,NA
US0562,Eric Hafemann,Firefighter,ESTP,Male,1983-04-13,NA
US0563,Julia Carter,Medical Assistant,ESFJ,Female,1993-04-18,NA
US0564,Dan DaSilva,Law Student/Former Military,ENTP,Male,1980-03-31,NA
US0565,Ron Clark,Teacher,ENFJ,Male,1971-10-24,NA
US0566,Aurora McCreary,Divorce Lawyer,ISTP,Female,1985-12-21,NA
US0567,Victoria Baamonde,Waitress,INTP,Female,1994-07-18,NA
US0568,Lauren O'Connell,Student,ESFP,Female,1996-10-25,NA
US0569,Julie Rosenberg,Toymaker,ENFP,Female,1971-10-09,NA
US0570,Gavin Whitson,YMCA Program Director,ISFJ,Male,1994-07-20,NA
US0571,Ronnie Bardah,Professional Poker Player,ISTP,Male,1982-08-29,NA
US0572,Molly Byman,Law Student,INTJ,Female,1990-10-05,NA
US0573,Vince Moua,Admissions Counselor,ENFP,Male,1991-04-09,NA
US0574,Chelsea Walker,Digital Content Creator,ENTP,Female,1992-03-10,NA
US0575,Tom Laidlaw,Former NHL Player,ESFJ,Male,1958-04-15,NA
US0576,Jason Linden,Personal Injury Lawyer,ENTP,Male,1986-08-04,NA
US0577,Jack Nichting,Graduate Student,ENFP,Male,1995-06-05,NA
US0578,Kellee Kim,MBA Student,INTP,Female,1989-10-17,NA
US0579,Jamal Shipman,College Administrator,ENFJ,Male,1985-05-09,NA
US0580,Aaron Meredith,Gym Owner,ESTJ,Male,1982-12-16,NA
US0581,Missy Byrd,Air Force Veteran,INTJ,Female,1994-07-01,NA
US0582,Elizabeth Beisel,Olympic Medalist,ENFJ,Female,1992-08-18,NA
US0583,Karishma Patel,Personal Injury Lawyer,INFP,Female,1981-12-07,NA
US0584,Elaine Stott,Factory Worker,ENFP,Female,1978-01-13,NA
US0585,Dan Spilo,Talent Manager,ENTJ,Male,1970-06-28,NA
US0586,Janet Carbin,Chief Lifeguard,ENFJ,Female,1959-06-15,NA
US0587,Lauren Beck,Nanny,ENFP,Female,1989-11-16,NA
US0588,Noura Salman,Entrepreneur,ENFP,Female,1982-08-23,NA
US0589,Dean Kowalski,Tech Sales,ISTP,Male,1990-04-12,NA
US0590,Tommy Sheehan,4th Grade Teacher,ENFJ,Male,1992-10-26,NA
US0591,Eric Abraham,Cyber Security Analyst,ESTJ,Male,1970-06-10,NA
US0592,Sara Wilson,Healthcare Consultant,INTJ,Female,1997-06-28,NA
US0593,Heather Aldret,Stay-at-home Mom,ISFJ,Female,1969-03-01,NA
US0594,Erika Casupanan,Communications Manager,ENFP,Female,1989-07-20,NA
US0595,Genie Chen,Grocery Clerk,ISFP,Female,1975-03-04,NA
US0596,Ricard Foye,Flight Attendant,ENTJ,Male,1989-12-04,NA
US0597,Xander Hastings,App Developer,INFJ,Male,2000-08-11,NA
US0598,Evvie Jagoda,Ph.D. Student,ENFP,Non-binary,1992-10-26,NA
US0599,Danny McCray,Ex-NFL Player,INFJ,Male,1988-03-10,NA
US0600,Naseer Muttalif,Sales Manager,ESFJ,Male,1984-06-21,NA
US0601,Deshawn Radden,Medical Student,ENTP,Male,1995-09-17,NA
US0602,Brad Reese,Rancher,ESFP,Male,1971-07-21,NA
US0603,Jairus Robinson,College Student,ESFP,Male,2001-03-18,NA
US0604,Tiffany Seely,Teacher,ENTP,Female,1973-12-08,NA
US0605,Sydney Segal,Law Student,ESTP,Female,1995-07-19,NA
US0606,Shantel Smith,Pastor,ENFJ,Female,1987-03-11,NA
US0607,David Voce,Neurosurgeon,ENTJ,Male,1986-05-01,NA
US0608,Liana Wallace,College Student,ESTJ,Female,2000-10-25,NA
US0609,Chanelle Howell,Executive Recruiter,ENTJ,Female,1992-08-22,NA
US0610,Daniel Strunk,Law Clerk,ENTP,Male,1991-03-26,NA
US0611,Drea Wheeler,Fitness Consultant,ENTJ,Female,1986-08-27,NA
US0612,Hai Giang,Data Scientist,INFP,Male,1992-12-31,NA
US0613,Jackson Fox,Healthcare Worker,ISFJ,Male,1973-08-13,NA
US0614,Jenny Kim,Creative Director,INFJ,Female,1978-06-30,NA
US0615,Jonathan Young,Beach Service Company Owner,ENFJ,Male,1993-01-13,NA
US0616,Lindsay Dolashewich,Dietitian,ESFP,Female,1991-02-01,NA
US0617,Lydia Meredith,Waitress,INFP,Female,1999-05-23,NA
US0618,Marya Sherron,Stay-at-home Mom,INFP,Female,1974-03-26,NA
US0619,Maryanne Oketch,Seminary Student,ENFP,Female,1998-01-01,NA
US0620,Mike Turner,Retired Firefighter,ESFJ,Male,1963-10-15,NA
US0621,Omar Zaheer,Veterinarian,ENTP,Male,1990-10-24,NA
US0622,Rocksroy Bailey,Stay-at-home Dad,ESTJ,Male,1978-01-12,NA
US0623,Romeo Escobar,Pageant Coach,ISFP,Male,1984-05-10,NA
US0624,Swati Goel,Ivy League Student,ISTJ,Female,2002-03-20,NA
US0625,Tori Meehan,Therapist,ENFJ,Female,1996-09-03,NA
US0626,Zach Wurthenberger,Student,INTP,Male,2000-01-26,NA
US0627,Cassidy Clark,Designer,ESTP,Female,1996-01-16,NA
US0628,Cody Assenmacher,Elevator Sales,ESFP,Male,1986-12-09,NA
US0629,Dwight Moore,Graduate Student,ENTP,Male,2000-08-30,NA
US0630,Elie Scott,Clinical Psychologist,ENFJ,Female,1991-08-17,NA
US0631,Geo Bustamante,Project Manager,ISFP,Male,1986-08-22,NA
US0632,James Jones,Event Planner,ENFP,Male,1985-05-07,NA
US0633,Jeanine Zheng,UX Designer,ENFP,Female,1997-12-19,NA
US0634,Jesse Lopez,Political Science Ph.D.,INFJ,Male,1991-11-29,NA
US0635,Justine Brennan,Cyber Security Sales,ESTJ,Female,1993-01-07,NA
US0636,Karla Cruz Godoy,Educational Project Manager,ENTJ,Female,1994-02-19,NA
US0637,Lindsay Carmine,Pediatric Nurse,ISTJ,Female,1980-01-21,NA
US0638,Mike Gabler,Heart Valve Specialist,ISFJ,Male,1970-09-04,NA
US0639,Morriah Young,Teacher,ENFP,Female,1993-12-03,NA
US0640,Nneka Ejere,Pharmacist,ESFJ,Female,1979-06-24,NA
US0641,Noelle Lambert,U.S. Paralympian,ESTP,Female,1997-01-24,NA
US0642,Owen Knight,College Admissions Director,ENFP,Male,1992-07-10,NA
US0643,Ryan Medrano,Warehouse Associate,ISFJ,Male,1997-08-26,NA
US0644,Sami Layadi,Pet Cremator,ENTP,Male,2002-10-13,NA
US0645,Brandon Cottom,Security Specialist,ESFJ,Male,1992-12-21,NA
US0646,Jaime Lynn Ruiz,Yogi,ESFP,Female,1987-03-07,NA
US0647,Kane Fritzler,Law Student,ENTP,Male,1998-01-31,NA
US0648,Lauren Harpe,Elementary School Teacher,ESTJ,Female,1991-07-30,NA
US0649,Maddy Pomilla,Charity Projects Manager,ESTP,Female,1994-04-11,NA
US0650,Matthew Grinstead-Mayle,Barbershop Owner,ENFJ,Male,1979-05-30,NA
US0651,Claire Rafson,Tech Investor,ENTJ,Female,1997-05-15,NA
US0652,Danny Massa,Firefighter,ESTP,Male,1990-07-31,NA
US0653,Frannie Marin,Research Coordinator,ENFP,Female,1999-03-13,NA
US0654,Heidi Lagares-Greenblatt,Engineering Manager,ISFJ,Female,1980-01-27,NA
US0655,Josh Wilder,Surgical Podiatrist,ISTJ,Male,1988-04-01,NA
US0656,Matt Blankinship,Security Software Engineer,INFP,Male,1995-03-27,NA
US0657,Bruce Perreault,Insurance Agent,INTJ,Male,1976-08-05,NA
US0658,Carolyn Wiger,Drug Counselor,ENFP,Female,1987-01-09,NA
US0659,Carson Garrett,NASA Engineering Student,ENTP,Male,2001-12-10,NA
US0660,Helen Li,Product Manager,INTJ,Female,1993-12-07,NA
US0661,Sarah Wade,Management Consultant,INTJ,Female,1995-08-31,NA
US0662,Yam Yam Arocho,Salon Owner,ESFP,Male,1986-07-11,NA
US0663,Austin Li Coon,Grad Student,ISFP,Male,1996-10-23,NA
US0664,Brando Meyer,Software Developer,INFP,Male,2000-06-09,NA
US0665,Brandon Donlon,Content Producer,ENFP,Male,1997-06-02,NA
US0666,Dee Valladares,Entrepreneur,ESFP,Female,1996-10-02,NA
US0667,Drew Basile,Grad Student,INTP,Male,2000-09-25,NA
US0668,Emily Flippen,Investment Analyst,INTJ,Female,1994-10-06,NA
US0669,Hannah Rose,Therapist,ENFP,Female,1990-09-26,NA
US0670,J. Maya,Singer,INFP,Female,1998-10-05,NA
US0671,Jake O'Kane,Attorney,ENTP,Male,1996-11-19,NA
US0672,Julie Alley,Estate Attorney,ESFJ,Female,1974-03-11,NA
US0673,Kaleb Gebrewold,Software Sales,ENTP,Male,1994-09-16,NA
US0674,Katurah Topps,Civil Rights Attorney,ENTJ,Female,1988-09-03,NA
US0675,Kellie Nalbandian,Critical Care Nurse,INFJ,Female,1993-09-05,NA
US0676,Kendra McQuarrie,Bartender,ESFP,Female,1992-09-25,NA
US0677,Sabiyah Broderick,Truck Driver,ISTP,Female,1995-08-25,NA
US0678,Sean Edwards,School Principal,ESFJ,Male,1988-06-23,NA
US0679,Sifu Alsup,Gym Owner,ESTP,Male,1992-12-01,NA
US0680,Ben Katzman,Musician,ESFP,Male,1992-03-25,NA
US0681,Bhanu Gopal,IT Quality Analyst,ENFP,Male,1982-11-14,NA
US0682,Charlie Davis,Law Student,ENTP,Male,1997-12-22,NA
US0683,David Jelinsky,Slot Machine Salesman,ISFP,Male,2001-11-02,NA
US0684,Hunter McKnight,Science Teacher,ISTP,Male,1996-02-24,NA
US0685,Jem Hussain-Adams,International Brand Mentor,ENTP,Female,1991-12-04,NA
US0686,Jess Chong,Software Engineer,INFP,Female,1986-03-06,NA
US0687,Kenzie Petty,Salon Owner,ENFJ,Female,1994-08-06,NA
US0688,Liz Wilcox,Marketing Strategist,ENFP,Female,1988-03-18,NA
US0689,Maria Shrime Gonzalez,Parent Coach,ENTJ,Female,1975-10-13,NA
US0690,Moriah Gaynor,Program Coordinator,INFP,Female,1995-03-14,NA
US0691,Q Burdette,Real Estate Agent,ESTJ,Male,1994-03-08,NA
US0692,Randen Montalvo,Aerospace Tech,INTJ,Male,1982-09-23,NA
US0693,Soda Thompson,Special Ed Teacher,ESFJ,Female,1996-04-04,NA
US0694,Tevin Davis,Actor,ENFP,Male,1999-04-24,NA
US0695,Tiffany Nicole Ervin,Artist,ISFP,Female,1991-02-08,NA
US0696,Tim Spicer,College Coach,ISTP,Male,1992-07-27,NA
US0697,Venus Vafa,Data Analyst,ISFP,Female,1999-02-12,NA
US0698,Andy Rueda,AI Research Assistant,INFP,Male,1993-04-02,NA
US0699,Anika Dhar,Marketing Manager,ESTJ,Female,1997-09-24,NA
US0700,Aysha Welch,IT Consultant,ENFJ,Female,1992-04-02,NA
US0701,Caroline Vidmar,Strategy Consultant,ISTJ,Female,1996-11-12,NA
US0702,Gabe Ortis,Radio Show Host,ISTP,Male,1998-01-12,NA
US0703,Genevieve Mushaluk,Corporate Lawyer,ENFJ,Female,1991-06-04,NA
US0704,Jon Lovett,Podcast Host,ENTP,Male,1982-08-17,NA
US0705,Kishan Patel,ER Doctor,ISFJ,Male,1996-07-03,NA
US0706,Kyle Ostwald,Construction Worker,ISFJ,Male,1993-03-05,NA
US0707,Rachel LaMont,Graphic Designer,ENTP,Female,1990-03-08,NA
US0708,Rome Cooney,E-Sports Commentator,ESFP,Male,1993-10-11,NA
US0709,Sam Phalen,Sports Reporter,ESTP,Male,2000-04-07,NA
US0710,Sierra Wright,Nurse,ESFJ,Female,1997-06-09,NA
US0711,Sol Yi,Medical Device Sales,INTJ,Male,1981-06-02,NA
US0712,Sue Smey,Flight School Owner,ENFP,Female,1965-06-06,NA
US0713,Teeny Chirichillo,Freelance Writer,INFP,Non-binary,2000-08-28,NA
US0714,Tiyana Hallums,Flight Attendant,ESFJ,Female,1996-12-07,NA
US0715,TK Foster,Athlete Marketing Manager,ESFP,Male,1992-10-01,NA
AU0001,Des Quilty,Courier Driver,NA,Male,NA,NA
AU0002,Bianca Anderson,Private Investigator,NA,Female,NA,NA
AU0003,Evan Jones,High School Teacher,NA,Male,NA,NA
AU0004,Peter Fiegehen,Air Traffic Controller,NA,Male,NA,NA
AU0005,Barry Lea,Former Professional Rugby Player,NA,Male,NA,NA
AU0006,Tegan Haining,Personal Trainer,NA,Female,NA,NA
AU0007,Rohan MacLauren,Model,NA,Male,NA,NA
AU0008,Kat Dumont,Partnerships & Brand Manager,NA,Female,1989-09-21,NA
AU0009,Andrew Torrens,Marketing Executive,NA,Male,NA,NA
AU0010,Craig I'Anson,Recruitment Officer,NA,Male,NA,NA
AU0011,Phoebe Timmins,Criminal Lawyer,NA,Female,1988-12-04,NA
AU0012,Conner Bethune,Law Student,NA,Male,NA,NA
AU0013,Kate Campbell,Financial Analyst,NA,Female,NA,NA
AU0014,Nick Iadanza,High School Teacher,NA,Male,1988-05-20,NA
AU0015,Kylie Evans,Firefighter,NA,Female,1978-04-27,NA
AU0016,Sue Clark,Retired Customs Officer,NA,Female,NA,NA
AU0017,Jennah-Louise Salkeld,Law Graduate,NA,Female,NA,NA
AU0018,Brooke Jowett,Sales Executive;Fitness Professional,NA,Female,1993-02-25,NA
AU0019,Sam Webb,Charity CEO,NA,Male,1988-05-30,NA
AU0020,Matt Tarrant,Magician,NA,Male,NA,NA
AU0021,Felicity Egginton,Bartender;Travel Consultant,NA,Female,1992-12-15,NA
AU0022,Elena Rowland,Army Corporal,NA,Female,NA,NA
AU0023,Lee Carseldine,Aerial Photographer/Ex Pro Cricketer,NA,Male,1975-11-17,NA
AU0024,Kristie Bennet,Senior Account Executive,NA,Female,1991-12-15,NA
AU0025,Joan Caballero,Escape Room Owner,NA,Female,NA,NA
AU0026,Adam Parkin,International Poker Player,NA,Male,NA,NA
AU0027,Kate Temby,Financial Executive,NA,Female,NA,NA
AU0028,Mark Herlaar,Lime Farmer,NA,Male,NA,NA
AU0029,Aimee Stanton,Plumber,NA,Female,NA,NA
AU0030,Samantha Gash,Endurance Athlete,ENFJ,Female,1984-10-14,NA
AU0031,Mark Wales,Former Special Ops Commander,ESTJ,Male,NA,NA
AU0032,Jacqui Patterson,Wedding Celebrant,NA,Female,1967-10-15,NA
AU0033,Kent Nelson,Chief Financial Officer,NA,Male,NA,NA
AU0034,Aaron Knight,Wedding DJ,NA,Male,1987-08-03,NA
AU0035,Ben Morgan,Fast Food Attendant,NA,Male,NA,NA
AU0036,Odette Blacklock,Podiatrist,NA,Female,NA,NA
AU0037,Jarrad Seng,Photographer,NA,Male,1988-02-02,NA
AU0038,Anneliese Wilson,Student,NA,Female,NA,NA
AU0039,Henry Nicholson,Labourer;Teacher,NA,Male,NA,NA
AU0040,Tessa O'Halloran,Doctor,NA,Female,NA,NA
AU0041,Sarah Tilleke,Model,NA,Female,1995-04-18,NA
AU0042,Luke Toki,Mining Technician,NA,Male,NA,NA
AU0043,Nicola Zagame,Olympian,NA,Female,1990-08-11,NA
AU0044,Locklan Gilbert,Adventure Guide,NA,Male,NA,NA
AU0045,Michelle Dougan,Nanny,NA,Female,NA,NA
AU0046,Peter Conte,Digital Advertising Producer,NA,Male,NA,NA
AU0047,Tara Pitt,Barrel Racer,NA,Female,NA,NA
AU0048,Jericho Malabonga,Flight Attendant,NA,Male,1992-01-29,NA
AU0049,Matthew Dyson,Traffic Police Officer,NA,Male,NA,NA
AU0050,Damien Thomlinson,Former Special Forces Commando,NA,Male,NA,NA
AU0051,Steve Khouw,Takeaway Delivery Rider,NA,Male,NA,NA
AU0052,Jenna Austin,FIFO Worker,NA,Female,NA,NA
AU0053,Moana Hope,AFLW Player,NA,Female,1988-02-14,NA
AU0054,Tegan Gasior,Managing Consultant,NA,Female,1985-12-21,NA
AU0055,Anita Berkett,Sales Rep,NA,Female,NA,NA
AU0056,Zach Kozyrski,Personal Trainer,NA,Male,1979-01-28,NA
AU0057,Paige Kerin,Marketing Coordinator,NA,Female,NA,NA
AU0058,Jackie Glazier,World Series Poker Player,NA,Female,1973-11-28,NA
AU0059,Heath Davies,Builder,NA,Male,NA,NA
AU0060,Lydia Lassila,Olympic Freestyle Skier,NA,Female,1982-01-17,NA
AU0061,Robbie Skibicki,Construction Manager,NA,Male,NA,NA
AU0062,Samuel Hinton,Astrophysicist,NA,Male,NA,NA
AU0063,Mat Rogers,Dual Code Football Legend,NA,Male,1976-02-01,NA
AU0064,Benji Wilson,Entrepreneur,NA,Male,NA,NA
AU0065,Steve Willis,Fitness Specialist,NA,Male,1976-06-05,NA
AU0066,Fenella McGowan,Interior Designer,NA,Female,NA,NA
AU0067,Monika Radulovic,Miss Australia 2015,NA,Female,1990-09-21,NA
AU0068,Shonee Fairfax,Pro-Skater's Wife;Personal Assistant,NA,Female,1992-04-26,NA
AU0069,Brian Lake,Former AFL Star,NA,Male,1982-02-27,NA
AU0070,Sharn Coombes,Criminal Barrister,NA,Female,NA,NA
AU0071,Shane Gould,Olympic Swimming Legend,NA,Female,1956-11-23,NA
AU0072,Anastasia Woolmer,Memory Champion,NA,Female,NA,NA
AU0073,Laura Choong,Digital Marketing Manager,NA,Female,NA,NA
AU0074,Susie Maroney,Marathon Swimmer,NA,Female,1974-11-15,NA
AU0075,Nova Peris,Former Politician and Olympian,NA,Female,1971-02-25,NA
AU0076,Steven Bradbury,Olympic Gold Medalist,NA,Male,1973-10-14,NA
AU0077,Andrew Ettingshausen,NRL Legend,NA,Male,1965-10-29,NA
AU0078,Sam Schoers,VIP Gaming Manager,NA,Female,NA,NA
AU0079,Sarah Ayles,Cleaner,NA,Female,NA,NA
AU0080,Hannah Pentreath,Police Officer,NA,Female,NA,NA
AU0081,Casey Hawkins,Educator,NA,Female,NA,NA
AU0082,Matt Farrelly,Highschool Teacher/Pro Wrestler,NA,Male,1990-03-21,NA
AU0083,Ross Clarke-Jones,Big Wave Surfer,NA,Male,1966-06-06,NA
AU0084,Andy Meldrum,Marketing Executive,NA,Male,NA,NA
AU0085,Shaun Hampson,Retired AFL Player,NA,Male,1988-03-21,NA
AU0086,David Genat,International Model,NA,Male,1980-03-13,NA
AU0087,John Eastoe,Gold Miner,NA,Male,NA,NA
AU0088,Daisy Richardson,Travel Agent,NA,Female,NA,NA
AU0089,Simon Black,AFL Superstar,NA,Male,1979-04-03,NA
AU0090,Janine Allis,CEO Powerhouse,NA,Female,NA,NA
AU0091,Abbey Holmes,AFL Premiership Winner,NA,Female,1991-01-07,NA
AU0092,Harry Hills,Ice Cream Maker,NA,Male,NA,NA
AU0093,Baden Gilbert,Student,NA,Male,NA,NA
AU0094,Pia Miranda,Actress,NA,Female,1973-06-15,NA
AU0096,Phil Ferguson,Artist,NA,Non-binary,NA,NA
AU0097,Janelle Durso,Cleaner,NA,Female,NA,NA
AU0098,Gavin Wanganeen,AFL Legend,NA,Male,1973-06-18,NA
AU0099,Binyamin Burdo,Entrepreneur,NA,Male,NA,NA
AU0100,Mitchell Shaw,Doctor,NA,Male,NA,NA
AU0101,Joey McCann,Head of Partnerships,NA,Male,NA,NA
AU0102,Daini Tuiqere,Personal Trainer,NA,Male,NA,NA
AU0103,Shannon Lawson,Model,NA,Female,NA,NA
AU0104,Georgia Ray,Forensic Psychologist,NA,Female,NA,NA
AU0105,Rachel Downie,Teacher and Businesswoman,NA,Female,NA,NA
AU0106,Simon Mee,Carpenter,NA,Male,NA,NA
AU0107,Kerryn McGee,Bodybuilder,NA,Female,NA,NA
AU0108,Chelsea Hackett,MMA Fighter,NA,Female,1999-10-29,NA
AU0109,Baden Cooke,Ex-Pro Cyclist,NA,Male,1978-10-19,NA
AU0110,Gerald Youles,Champion Wood Chopper,NA,Male,NA,NA
AU0111,Laura Wells,Environmental Advocate,NA,Female,NA,NA
AU0112,Emmett Pugh,Health Coach,NA,Male,1990-05-31,NA
AU0113,Andrew Ucles,Survival Expert,NA,Male,NA,NA
AU0114,Dani Beale,Corrections Officer,NA,Female,NA,NA
AU0115,Wai Chim,Author,NA,Female,1982-12-13,NA
AU0116,Cara Atchison,Real Estate Agent,NA,Female,NA,NA
AU0117,Felicity Palmateer,Big Wave Surfer,NA,Female,1992-08-04,NA
AU0118,George Mladenov,Public Servant,NA,Male,NA,NA
AU0119,Hayley Leake,Pain Researcher,NA,Female,NA,NA
AU0120,Amy Ong,Beautician,INFJ,Female,1997-12-09,NA
AU0121,Ben Watson,Tradie,ISTP,Male,1986-02-16,NA
AU0122,Croc Crocker,Ex-NRL Player,NA,Male,1980-06-21,NA
AU0123,David Goodchild,Project Manager,NA,Male,NA,NA
AU0124,Jay Bruno,Drummer,NA,Male,NA,NA
AU0125,Jesse Hansen,Triathlete,ISFJ,Male,NA,NA
AU0126,Jordan Schmidt,Personal Trainer,ISTP,Male,NA,NA
AU0127,Kate Tatham,Stay-at-home Mom,NA,Female,NA,NA
AU0128,Michelle Chiang,Speech Pathologist,NA,Female,NA,NA
AU0129,Sophie Cachia,Company Director,ENTJ,Female,1990-09-11,NA
AU0130,Alex Frost,Warehouse Operator,INFP,Male,1995-04-07,NA
AU0131,Briana Goodchild,Digital Producer,ESFP,Female,NA,NA
AU0132,Chrissy Zaremba,Teacher,NA,Female,NA,NA
AU0133,Jordie Hansen,Landscaper,ESFP,Male,NA,NA
AU0134,Josh Millgate,Pilot,ISTJ,Male,NA,NA
AU0135,Khanh Ong,Restaurateur,ENFP,Male,NA,NA
AU0136,Kate Austin,Ex Flight Attendant,ISFJ,Female,1984-07-11,NA
AU0137,Mel Chiang,Chiropractor,NA,Female,1988-01-01,NA
AU0138,Nina Twine,Accounts Clerk / Retail Sales Associate,NA,Female,1997-06-16,NA
AU0139,Shayelle Lajoie,Bio Medical Student,ISFP,Female,1990-12-02,NA
AU0140,Anjali Rao,Broadcaster,NA,Female,NA,NA
AU0141,Benjamin Law,Author,NA,Male,NA,NA
AU0142,David Zaharakis,Former AFL Player,NA,Male,1990-02-21,NA
AU0143,Fraser Lack,Real Estate Agent,NA,Male,NA,NA
AU0144,Gerry Geltch,Tourism Pilot,NA,Male,1960-10-18,NA
AU0145,Liz Parnov,Olympic Pole-vaulter,NA,Female,1994-05-09,NA
AU0146,Matt Sharp,Lifeguard,NA,Male,NA,NA
AU0147,Michael Warren,Journalist,NA,Male,NA,NA
AU0148,Mimi Tang,Luxury Car PR Manager,NA,Female,NA,NA
AU0149,Paige Donald,Outback Jillaroo,NA,Female,NA,NA
AU0150,Rogue Rubin,Film Director,NA,Female,NA,NA
AU0151,Sarah Marschke,Former Miss World Australia,NA,Female,NA,NA
AU0152,Sharni Vinson,Actress,NA,Female,1983-07-22,NA
AU0153,Aileen Chong,Waitress,NA,Female,NA,NA
AU0154,Alex Coe,Maths Teacher,NA,Male,NA,NA
AU0155,Caroline Courtis,Midwife,NA,Female,NA,NA
AU0156,Charles Noonan,Lawyer,NA,Male,NA,NA
AU0157,Eden Porter,Cinema Area Manager,NA,Male,1984-02-28,NA
AU0158,Feras Basal,HR Manager,NA,Male,NA,NA
AU0159,Frankie Guascione,Salon Owner,NA,Female,NA,NA
AU0160,Garrick Wildman,Loss Prevention Officer,NA,Male,NA,NA
AU0161,Jaden Laing,Strongman,NA,Male,NA,NA
AU0162,Jessica Danaher,Academic Professional,NA,Female,NA,NA
AU0163,Kelli Harris,Psychologist,NA,Female,NA,NA
AU0164,Kirby Bentley,AFLW Coach,NA,Female,1986-05-09,NA
AU0165,Kitty Blomfield,Business Owner,NA,Female,NA,NA
AU0166,Mark Warnock,Former Diplomat,NA,Male,NA,NA
AU0167,Nathan Freeman,AFL Agent,NA,Male,1995-06-16,NA
AU0168,Peta Bennett,Bar Manager,NA,Female,NA,NA
AU0169,Raymond Chaney,Retail Worker,NA,Male,NA,NA
AU0170,Rianna Bowley,Paramedic,NA,Female,NA,NA
AU0171,Sarah Moore,Firefighter,NA,Female,1999-08-10,NA
AU0172,Scott Butler,Art Director,NA,Male,NA,NA
AU0173,Tobias Grant,Construction Manager,NA,Male,NA,NA
AU0174,Valeria Sizova,Entertainment Business Owner,NA,Female,1992-07-02,NA
AU0175,Viola Jokudu,Powerlifter,NA,Female,NA,NA
AU0176,Winna Bhun,Competitive Eater,NA,Male,NA,NA
SA0001,Don Soper,Businessman,NA,Male,1951-12-22,NA
SA0002,Sam Allerton,Sculptor,NA,Male,1976-12-08,NA
SA0003,Jude Wilken,Hostage Negotiator,NA,Female,1967-12-16,NA
SA0004,Ncumisa Ngcaweni,Skills Trainer,NA,Female,1976-12-01,NA
SA0005,Sanele Gumede,Brand Manager,NA,Male,1979-12-01,NA
SA0006,Danielle Vukic,Fashion Producer,NA,Female,1971-12-26,NA
SA0007,Nico Hinis,Restauranteur,NA,Male,1963-12-14,NA
SA0008,Brigitte Willers,Sports Model,NA,Female,1980-12-17,NA
SA0009,Mzi Tyhokolo,Energy Advisor,NA,Male,1975-12-16,NA
SA0010,Vanessa Marawa,Estate Agent,NA,Female,1979-12-18,NA
SA0011,Lezel Crook,Attorney,NA,Female,1978-12-03,NA
SA0012,Gareth Tjasink,Medical Doctor,NA,Male,1979-12-05,NA
SA0013,Zayn Nabbi,Journalist,NA,Male,1982-12-04,NA
SA0014,Jacinda Louw,Entrepreneur,NA,Female,1981-12-04,NA
SA0015,Nomfundo Vilokazi,Chemical Engineer,NA,Female,1980-05-03,NA
SA0016,Nicola Windt,Dairy Farmer,NA,Female,1970-06-12,NA
SA0017,Viwe Soga,Candidate Attorney,NA,Male,1983-12-18,NA
SA0018,Elise Smith,Hotel Manager,NA,Female,1983-01-18,NA
SA0019,Nichal Ramchander,Sales and Marketing Manager,NA,Male,1982-03-05,NA
SA0020,Rijesh Govender,Sales Executive,NA,Male,1977-06-22,NA
SA0021,Lisa Atkinson,Student,NA,Female,1985-10-21,NA
SA0022,Irshaad Ally,Graphic Designer,NA,Male,1978-03-01,NA
SA0023,Hein Vosloo,Rural Developer,NA,Male,1960-07-02,NA
SA0024,Dyke Higginson,Landscaper,NA,Male,1979-06-11,NA
SA0025,Angela Beck,Modelling Coach,NA,Female,1983-11-16,NA
SA0026,Angie Bennett,Boot Camp Instructor,NA,Female,1977-07-15,NA
SA0027,Mandla Mbau,Marketing Manager,NA,Male,1970-09-14,NA
SA0028,Amanda Hoosen,Head Of Internal Audit,NA,Female,1977-10-05,NA
SA0029,Grant Clark,Maritime Lawyer,NA,Male,1972-05-05,NA
SA0030,Lorette Mostert,Police Superintendent,NA,Female,1971-08-21,NA
SA0031,Christina Storm,Actress; Model,NA,Female,1974-04-01,NA
SA0032,Garth Collins,"Actor, Comedian and Emcee",NA,Male,1967-01-16,NA
SA0033,Jub Jub Maarohanye,Musician,NA,Male,1980-06-29,NA
SA0034,Cindy Nell,"Personality, Presenter, Model",NA,Female,1981-10-01,NA
SA0035,Craig Jacobs,Fashion Designer,NA,Male,1974-08-21,NA
SA0036,Lady Lea Moscou Barrett,Professional DJ;Music Producer,NA,Female,1980-04-21,NA
SA0037,Darren Maule,"Actor, Comedian and Television Presenter",NA,Male,1972-06-09,NA
SA0038,Sandi Schultz,Actress; Designer,NA,Female,1964-01-19,NA
SA0039,Hanna Grobler,"Actress, Entrepreneur, Charity Worker",NA,Female,1982-01-15,NA
SA0040,Louw Venter,Actor;Comedian,NA,Male,1975-08-16,NA
SA0041,Okkert Brits,Sportsman and Fitness Specialist,NA,Male,1973-08-22,NA
SA0042,Gys de Villiers,"Actor, Writer, and Sculptor",NA,Male,1960-11-04,NA
SA0043,Izak Davel,"Singer, Actor, Dancer",NA,Male,1983-07-01,NA
SA0044,Kaseran Pillay,Actor and Comedian,NA,Male,1976-01-05,NA
SA0045,Sade Giliberti,Television Presenter,NA,Female,1985-04-17,NA
SA0046,ProVerb Thekisho,"Recording Artist, TV and Radio Presenter",NA,Male,1981-04-12,NA
SA0047,Ashley Hayden,Television Presenter;Businesswoman,NA,Female,1967-11-04,NA
SA0048,GiGi van Schalkwyk,"Exotic Dancer, Businesswoman and Actress",NA,Female,1967-08-28,NA
SA0049,Lukhanyo Nontshinga,Professional Rugby Player,NA,Male,1983-09-24,NA
SA0050,Philicity Reeken,Actress/Radio DJ,NA,Female,1979-10-18,NA
SA0051,Tshepo Maseko,Actor,NA,Male,1974-03-07,NA
SA0052,Tasleem Vally,Make-Up Artist,NA,Female,NA,NA
SA0053,Carmel Fisher,Actress/Motivational Speaker,NA,Female,1981-07-17,NA
SA0054,Jacques Terre'Blanche,Musician,NA,Male,1982-12-01,NA
SA0055,Sindi Lukhele,Events Co-Ordinator,NA,Female,NA,NA
SA0056,Vanessa Haywood,"Actress, TV Presenter, Businesswoman",NA,Female,NA,NA
SA0057,Roxy Burger,TV Presenter/Business owner,NA,Female,1986-12-07,NA
SA0058,Harry Wiggins,Maths Lecturer,NA,Male,NA,NA
SA0059,Simon Coetzer,HR Consultant,NA,Male,NA,NA
SA0060,Malusi Mbambo,Business Development Consultant,NA,Male,NA,NA
SA0061,Tejan Pillay,Engineer,NA,Male,NA,NA
SA0062,Sean September,Lawyer,NA,Male,NA,NA
SA0063,Alison de Chazal,Mother,NA,Female,NA,NA
SA0064,Mxolisi Lokwe,Musician,NA,Male,NA,NA
SA0065,Bonnie Henna,Actress,NA,Female,1979-03-18,NA
SA0066,Letshego Moshoeu,Biokineticist,NA,Female,1984-08-23,NA
SA0067,Hykie Berg,Actor,NA,Male,1978-05-02,NA
SA0068,Ashleigh Bryant,High School Teacher,NA,Female,NA,NA
SA0069,Marsha Wessels,Army Sports Officer,NA,Female,NA,NA
SA0070,Killarney Jones,Martial Artist,NA,Female,NA,NA
SA0071,Zan Lang,Vehicle Salesman,NA,Male,NA,NA
SA0072,Shona Macdonald,Account Manager,NA,Female,1989-03-29,NA
SA0073,Philip Dickson,Firefighter,NA,Male,1981-09-26,NA
SA0074,Gena Alkana,PR Manager,NA,Female,NA,NA
SA0075,Sonette Myburgh,Mortuary Attendant,NA,Female,1973-04-25,NA
SA0076,Stephen Walker,Business Analyst,NA,Male,NA,NA
SA0077,Marian de Vos,Entrepreneur,NA,Female,1988-08-05,NA
SA0078,Solly Mathiba,Sports Manager,NA,Male,NA,NA
SA0079,Moyra Makina,HR Director,NA,Female,NA,NA
SA0080,Vel Bodiba,Actress,NA,Female,1987-07-14,NA
SA0081,Shane Hattingh,Media Salesman,NA,Male,NA,NA
SA0082,Altaaf Sheik,SAAF Helicopter Pilot,NA,Male,NA,NA
SA0083,Zavion Kotze,Wedding Planner,NA,Male,NA,NA
SA0084,David de Wet,Farrier,NA,Male,NA,NA
SA0085,Sivu Xabanisa,Astrophysics Student,NA,Male,NA,NA
SA0086,Buhle Madlala,Events Planner,NA,Female,NA,NA
SA0087,Graham Jenneker,Financial Manager,NA,Male,NA,NA
SA0088,Seamus Holmes,Property Broker,NA,Male,NA,NA
SA0089,Neil Voller,HR Executive,NA,Male,NA,NA
SA0090,Stacey-Lee Valentyn,Business Analyst,NA,Female,NA,NA
SA0091,Adrian Chetty,Graphic Designer,NA,Male,NA,NA
SA0092,Murishca Martheze,Marketing Manager,NA,Female,NA,NA
SA0093,Marthunis Oosthuizen,Investment Advisor,NA,Male,NA,NA
SA0094,Tevin Naidu,Medical Doctor,NA,Male,NA,NA
SA0095,Josie Eveleigh,Travel Writer,NA,Female,NA,NA
SA0096,Vusi Mafulela,Logistics Manager,NA,Male,NA,NA
SA0097,Chane Mynhardt,Admin Clerk,NA,Female,NA,NA
SA0098,Palesa Tau,Radio Presenter,NA,Female,NA,NA
SA0099,Antoinette Tebbutt,Content Developer,NA,Female,NA,NA
SA0100,Pheko Phetoe,Mining Technician,NA,Male,NA,NA
SA0101,Katinka Oosthuizen,Social Media Influencer,NA,Female,NA,NA
SA0102,Werner Joubert,Pastor;Biokineticist,NA,Male,NA,NA
SA0103,Annalize Sainsbury,Caterer,NA,Female,NA,NA
SA0104,Jeanne Michel,Radio Producer,NA,Female,NA,NA
SA0105,Tom Swartz,Adventure Camp Manager,NA,Male,NA,NA
SA0106,Lee-Anne van Renen,Life Coach/Mrs. Cape Town 2018,NA,Female,NA,NA
SA0107,Paul Smulders,Real Estate Agent,NA,Male,NA,NA
SA0108,Ai-Ting Wong,Doctor,NA,Female,NA,NA
SA0109,Rose-Lee Smith,Crime Scene Analyst,NA,Female,NA,NA
SA0110,Felix Godlo,Sales Consultant,NA,Male,NA,NA
SA0111,Tania Copeland,Immigration consultant,NA,Female,NA,NA
SA0112,Rocco van Rooyen,Pro Athlete,NA,Male,1992-12-23,NA
SA0113,Nathan Castle,Media Producer,NA,Male,NA,NA
SA0114,Meryl Szolkeiwicz,Pilates instructor,NA,Female,NA,NA
SA0115,Geoffrey Cooke-Tonnesen,Home loans consultant,NA,Male,NA,NA
SA0116,Seipei Mashugane,Entrepreneur/Biker Queen,NA,Female,NA,NA
SA0117,Dante De Villiers,Coffee Shop Owner,NA,Male,NA,NA
SA0118,Cobus Hugo,Architect,NA,Male,NA,NA
SA0119,Mmabatiokoa Molefe,Investment Analyst,NA,Female,1990-02-21,NA
SA0120,Jacques Burger,Industrial Engineer,NA,Male,NA,NA
SA0121,Mike Venter,Radio Presenter,NA,Male,NA,NA
SA0122,Steffi Brink,Fitness Model,NA,Female,1991-10-23,NA
SA0123,Laetitia le Roux,Nurse,NA,Female,1961-02-04,NA
SA0124,Durao Mariano,Hotel Guest Liaison,NA,Male,NA,NA
SA0125,Nicole Capper,Ex Mrs. SA/Events Company/Luxury Online Magazine Owner,NA,Female,NA,NA
SA0126,Robert Bentele,Events Videographer,NA,Male,NA,NA
SA0127,Jason Brookstein,Structural Engineering Draughtsman,NA,Male,NA,NA
SA0128,Noleen Nkanjeni,Freelancer,NA,Female,NA,NA
SA0129,Mike Laws,Lawyer,NA,Male,NA,NA
SA0130,Paul Cupido,Aftercare Teacher,NA,Male,NA,NA
SA0131,Thoriso M-Afrika,Marketing Officer,NA,Female,NA,NA
SA0132,Carla Gubb,Corporate Sales Executive,NA,Female,NA,NA
SA0133,Dino Paulo,Live Escape Game Owner;Skydiving Instructor,NA,Male,1990-10-02,NA
SA0134,Qiean Wang,Volunteer Firefighter/Self-Employed,NA,Female,1985-07-16,NA
SA0135,Marisha du Plessis,Guest House Owner,NA,Female,1985-07-16,NA
SA0136,Shaun Wilson,I.T. Entrepeneur,NA,Male,NA,NA
SA0137,Renier Louwrens,Chemical Engineer,NA,Male,NA,NA
SA0138,Amy Eliason,Corporate Lawyer,NA,Female,NA,NA
SA0139,Anesu Mbizvo,"Medical doctor, yoga teacher, and corporate lawyer",NA,Female,NA,NA
SA0140,Wardah Hartley,Yoga Instructor and Fitness Professional,NA,Female,NA,NA
SA0141,Santoni Engelbrecht,Online Business Owner,NA,Female,NA,NA
SA0142,Kiran Naidoo,Strategy Consultant,NA,Male,NA,NA
SA0143,Tyson Zulu,Creative Director and Entrepreneur,NA,Male,NA,NA
SA0144,Francois Chapman,Entrepreneur,NA,Male,NA,NA
SA0145,Anela Majozi,Math Educator and Rugby Coach,NA,Male,NA,NA
SA0146,Nicole Wilmans,Digital Marketing Manager,NA,Female,NA,NA
SACaptain01,NA,NA,NA,Male,NA,NA
SACaptain02,NA,NA,NA,Male,NA,NA
UK0001,Nick Carter,Drugs Company Manager,NA,Male,NA,NA
UK0002,J.J. Adams,Personal Assistant,NA,Female,NA,NA
UK0003,Uzma Bashir Sheikh,Nursery Manager,NA,Female,NA,NA
UK0004,Sarah Odell,Model,NA,Female,NA,NA
UK0005,Jayne Meyler,Massage Therapist,NA,Female,NA,NA
UK0006,Adrian Bauckham,Barrister's Clerk,NA,Male,NA,NA
UK0007,Simon Dunkley,Financial Sales Manager,NA,Male,NA,NA
UK0008,Andy Fairfield,Airline Pilot,NA,Male,NA,NA
UK0009,James Stroud,Property Developer,NA,Male,NA,NA
UK0010,Pete Farrar,Model and Actor,NA,Male,NA,NA
UK0011,Zoe Lyons,Bartender and Actress,NA,Female,1971-10-03,NA
UK0012,Eve Holding,Project Manager,NA,Female,NA,NA
UK0013,Mick Easton,Retired Police Officer,NA,Male,NA,NA
UK0014,Richard Owen,Clinical Psychologist,NA,Male,NA,NA
UK0015,Charlotte Hobrough,Police Officer,NA,Female,NA,NA
UK0016,Jackie Carey,Airline Industry Purchaser,NA,Female,NA,NA
UK0017,Sarah McCombie,Broking Assistant,NA,Female,1979-08-05,NA
UK0018,Lee Capon,Area Aftersales Manager,NA,Male,1976-05-24,NA
UK0019,Tayfun Kadioglu,Professional Competitive Latin American Dancer,NA,Male,1974-03-01,NA
UK0020,Meeta Bose,Financial Manager,NA,Female,1966-09-29,NA
UK0021,Helen Carney,Hotel Worker,NA,Female,1979-10-08,NA
UK0022,Alastair Brogan,Oil Company Director,NA,Male,1967-04-12,NA
UK0023,Drew Agger,Firefighter,NA,Male,1974-01-20,NA
UK0024,Dave Porter,Retired Firefighter,NA,Male,1947-01-02,NA
UK0025,Bridget Griffiths,Shepherdess,NA,Female,1958-09-07,NA
UK0026,John Dalzell,Former Marine/Law Worker,NA,Male,1969-11-23,NA
UK0027,Susannah Moffat,English Teacher,NA,Female,1974-04-28,NA
UK0028,Jonny Gibb,Detective Constable,NA,Male,1970-11-23,NA
UK0029,Ashleigh Bishop,Brand Strategist,NA,Female,NA,NA
UK0030,Christopher Haul,Singer and Songwriter,NA,Male,NA,NA
UK0031,Doug Swinbanks,Flood Risk Consultant,NA,Male,NA,NA
UK0032,Hannah Baptiste,Semi-Professional Footballer,NA,Female,NA,NA
UK0033,Jess Woburn,Fitting Model,NA,Female,NA,NA
UK0034,Laurence Cardwell,Entrepreneur,NA,Male,NA,NA
UK0035,Lee Reeves,Professional Boxer,NA,Male,1995-02-28,NA
UK0036,Leilani Sen,Barista / Cleaner at a yoga studio,NA,Female,NA,NA
UK0037,Matthew Haywood,Hospitality,NA,Male,NA,NA
UK0038,Nathan Dyke,Fitness Instructor,NA,Male,NA,NA
UK0039,Pegleg Bennett,Surf School Owner,NA,Male,NA,NA
UK0040,Rach Carstairs,Personal Trainer,NA,Female,NA,NA
UK0041,Rachel Golding,Insurance Claims Handler,NA,Female,NA,NA
UK0042,Ren Elvidge,Network Data Scientist,NA,Non-binary,NA,NA
UK0043,Richard Kinnear McKell,Pensions Manager,NA,Male,NA,NA
UK0044,Sabrina Pace-Humphreys,Charity Founder,NA,Female,NA,NA
UK0045,Shai Ravindra,Finance Risk Manager,NA,Male,NA,NA
UK0046,Tinuke Oyediran,Professional Roller Skater,NA,Female,NA,NA
NZ0001,Hannah Gough,Kindergarten Teacher,NA,Female,NA,NA
NZ0002,Deanna Cambioso,Customer Service,NA,Female,NA,NA
NZ0003,Anthony Deane,Logging Truck Driver,NA,Male,NA,NA
NZ0004,Isabel Pearson,Offshore Oil and Gas Marine Stewardess,NA,Female,NA,NA
NZ0005,Louisa McClintock,Farmer,NA,Female,NA,NA
NZ0006,Georgia Bergerson,Singer/Dancer,NA,Female,NA,NA
NZ0007,Shayna Swain-Tapusoa,Business Support Coordinator,NA,Female,NA,NA
NZ0008,Leandro Den Haan,Canyoning Guide,NA,Male,NA,NA
NZ0009,Michael Sparrow,Student,NA,Male,NA,NA
NZ0010,Matai'a Salatielu Tiatia,Youth Worker,NA,Male,NA,NA
NZ0011,Jakob Thomas,ANZ Service Consultant,NA,Male,NA,NA
NZ0012,Shannon Quinn,Zookeeper,NA,Female,NA,NA
NZ0013,Nathan Davis,Police Sergeant,NA,Male,NA,NA
NZ0014,Barbara Raos,Horse Owner/Manager,NA,Female,NA,NA
NZ0015,Thomas Paterson,Teacher,NA,Male,NA,NA
NZ0016,Avi Duckor-Jones,Overseas Educator,NA,Male,NA,NA
NZ0017,Jose Maasdam,Audio Post Producer,NA,Female,NA,NA
NZ0018,Karla Karaitiana,Reporter,NA,Female,NA,NA
NZ0019,Franky March,Journalist,NA,Female,NA,NA
NZ0020,Kaysha Whakarau,Social Worker,NA,Female,NA,NA
NZ0021,Liam Hose,Videographer,NA,Male,NA,NA
NZ0022,Josh Hickford,Chartered Accountant,NA,Male,NA,NA
NZ0023,JT Muirhead,Project Manager,NA,Male,NA,NA
NZ0024,Dylan Conrad,Retail Manager,NA,Male,1991-09-20,NA
NZ0025,Arun Bola,Dairy Farmer,NA,Male,NA,NA
NZ0026,Brad Norris,Secondary School Teacher,NA,Male,NA,NA
NZ0027,Renee Clarke,Real Estate Agent,NA,Female,NA,NA
NZ0028,Eve Clarke,Hiking Guide,NA,Female,NA,NA
NZ0029,Matt Hancock,Rocket Technician,NA,Male,NA,NA
NZ0030,Adam O'Brien,Self Employed,NA,Male,NA,NA
NZ0031,Tara Thorowgood,Mother,NA,Female,NA,NA
NZ0032,Dave Lipanovic,Clinical Pharmacist,NA,Male,NA,NA
NZ0033,Tess Fahey,Office Manager,NA,Female,NA,NA
NZ0034,Lisa Stanger,School Librarian,NA,Female,NA,NA
